PONTO,DATA,Alcalinidade Total,Alcalinidade Total_UN,Alumínio Dissolvido ,Alumínio Dissolvido _UN,Cloreto Total ,Cloreto Total _UN,Clorofila a,Clorofila a_UN,Cobre Dissolvido ,Cobre Dissolvido _UN,Cobre Total,Cobre Total_UN,Coliformes Totais,Coliformes Totais_UN,Condutividade Elétrica,Condutividade Elétrica_UN,Cor Verdadeira ,Cor Verdadeira _UN,DBO ,DBO _UN,DQO,DQO_UN,Dureza Total ,Dureza Total _UN,Escherichia coli,Escherichia coli_UN,Ferro Dissolvido,Ferro Dissolvido_UN,Fito - Cyanobacteria (Microcystis cf. aeruginosa),Fito - Cyanobacteria (Microcystis cf. aeruginosa)_UN,Fitoplâncton Quantitativo,Fitoplâncton Quantitativo_UN,Fósforo Total ,Fósforo Total _UN,Manganês Total ,Manganês Total _UN,Nitrato ,Nitrato _UN,Nitrito ,Nitrito _UN,Nitrogênio Amoniacal ,Nitrogênio Amoniacal _UN,Nitrogênio total,Nitrogênio total_UN,Oxigênio Dissolvido,Oxigênio Dissolvido_UN,Potássio Total ,Potássio Total _UN,Sulfato Total,Sulfato Total_UN,Surfactantes,Surfactantes_UN,Sólidos Dissolvidos,Sólidos Dissolvidos Totais,Sólidos Dissolvidos Totais_UN,Sólidos Dissolvidos_UN,Sólidos Sedimentáveis,Sólidos Sedimentáveis_UN,Sólidos Suspensos Totais,Sólidos Suspensos Totais_UN,Sólidos Totais,Sólidos Totais_UN,Temperatura da Água,Temperatura da Água_UN,Transparência da Água,Transparência da Água_UN,Turbidez,Turbidez_UN,Zoobentos Quantitativo,Zoobentos Quantitativo_UN,Zooplâncton Quantitativo,Zooplâncton Quantitativo_UN,pH,pH_UN,Óleos e Graxas,Óleos e Graxas_UN,Latitude,Longitude
CLA-01,2018-01-01,16.0,mg/L,0.001,mg/L,5.12,mg/L,0.9,μg/L,0.093,mg/L,,,0.0,NMP/100mL,25.0,μS/cm,12.1,UC,,mg/L,,mg/L,16.0,mg/L,0.0,NPM/100mL,0.1,mg/L,,,,,0.0,mg/L,0.028,mg/L,0.0032,mg/L,0.001,mg/L,,mg/L,,mg/L,5.0,mg/L,0.0,mg/L,15.35,mg/L,,,12.0,,,mg/L,,,,,,,30.1,°C,,m,17.38,NTU,,,,,7.42,mg/L,0.0,mg/L,-18.40471469720768,-51.22287716980235
CLA-02,2018-01-01,12.0,mg/L,0.009,mg/L,8.2,mg/L,1.3,μg/L,1.052,mg/L,,,4.0,NMP/100mL,23.0,μS/cm,3.8,UC,,mg/L,,mg/L,8.0,mg/L,0.0,NPM/100mL,0.392,mg/L,,,,,1.59,mg/L,0.035,mg/L,0.071,mg/L,0.004,mg/L,,mg/L,,mg/L,5.1,mg/L,0.0,mg/L,14.48,mg/L,,,11.0,,,mg/L,,,,,,,30.5,°C,,m,17.23,NTU,,,,,7.5,mg/L,0.0,mg/L,-18.478620867606217,-51.188607926708855
CLA-03,2018-01-01,16.0,mg/L,0.04,mg/L,31.2,mg/L,2.4,μg/L,0.847,mg/L,,,70.0,NMP/100mL,17.0,μS/cm,2.0,UC,,mg/L,,mg/L,12.0,mg/L,2.6,NPM/100mL,0.46,mg/L,,,,,0.913,mg/L,0.231,mg/L,0.106,mg/L,0.018,mg/L,,mg/L,,mg/L,5.1,mg/L,0.0,mg/L,19.53,mg/L,,,8.0,,,mg/L,,,,,,,30.2,°C,,m,21.3,NTU,,,,,7.1,mg/L,0.0,mg/L,-18.528218997966466,-51.15191904306638
CLA-04,2018-01-01,26.0,mg/L,0.022,mg/L,46.2,mg/L,0.0,μg/L,0.431,mg/L,,,0.0,NMP/100mL,120.0,μS/cm,4.2,UC,,mg/L,,mg/L,22.0,mg/L,0.0,NPM/100mL,0.54,mg/L,,,,,1.21,mg/L,0.2,mg/L,0.091,mg/L,0.006,mg/L,,mg/L,,mg/L,5.2,mg/L,0.0,mg/L,26.21,mg/L,,,60.0,,,mg/L,,,,,,,26.2,°C,,m,22.4,NTU,,,,,6.62,mg/L,0.0,mg/L,-18.554869066877227,-51.12675459317855
CLA-05,2018-01-01,26.0,mg/L,0.0,mg/L,62.3,mg/L,1.1,μg/L,0.463,mg/L,,,636.0,NMP/100mL,114.0,μS/cm,6.8,UC,,mg/L,,mg/L,28.0,mg/L,12.3,NPM/100mL,3.407,mg/L,,,,,1.693,mg/L,0.19,mg/L,0.195,mg/L,0.02,mg/L,,mg/L,,mg/L,5.0,mg/L,0.0,mg/L,29.0,mg/L,,,56.0,,,mg/L,,,,,,,26.8,°C,,m,19.43,NTU,,,,,6.2,mg/L,2.3,mg/L,-18.55495622601502,-51.12622947820932
CLA-06,2018-01-01,16.0,mg/L,0.037,mg/L,36.4,mg/L,0.0,μg/L,0.513,mg/L,,,0.0,NMP/100mL,12.0,μS/cm,2.1,UC,,mg/L,,mg/L,20.0,mg/L,0.0,NPM/100mL,1.26,mg/L,,,,,1.213,mg/L,0.071,mg/L,0.019,mg/L,0.015,mg/L,,mg/L,,mg/L,4.9,mg/L,0.001,mg/L,15.2,mg/L,,,6.0,,,mg/L,,,,,,,27.3,°C,,m,19.39,NTU,,,,,6.9,mg/L,2.3,mg/L,-18.569842526616718,-51.10807692400981
CLA-06B,2018-01-01,16.0,mg/L,0.035,mg/L,16.3,mg/L,0.0,μg/L,0.617,mg/L,,,38.0,NMP/100mL,20.0,μS/cm,3.2,UC,,mg/L,,mg/L,18.0,mg/L,0.0,NPM/100mL,0.47,mg/L,,,,,1.217,mg/L,0.0,mg/L,0.096,mg/L,0.007,mg/L,,mg/L,,mg/L,5.0,mg/L,0.0,mg/L,15.82,mg/L,,,10.0,,,mg/L,,,,,,,27.2,°C,,m,21.28,NTU,,,,,6.45,mg/L,0.0,mg/L,-18.580416304138193,-51.10538491999489
CLA-07,2018-01-01,16.0,mg/L,0.031,mg/L,20.3,mg/L,1.5,μg/L,0.488,mg/L,,,10.0,NMP/100mL,17.0,μS/cm,3.1,UC,,mg/L,,mg/L,12.0,mg/L,0.0,NPM/100mL,0.423,mg/L,,,,,0.933,mg/L,0.0,mg/L,0.032,mg/L,0.0,mg/L,,mg/L,,mg/L,5.1,mg/L,0.0,mg/L,18.1,mg/L,,,8.0,,,mg/L,,,,,,,27.5,°C,,m,19.12,NTU,,,,,6.45,mg/L,0.0,mg/L,-18.64469238815568,-51.05218482324302
CLA-08,2018-01-01,22.0,mg/L,0.03,mg/L,20.0,mg/L,0.0,μg/L,0.476,mg/L,,,0.0,NMP/100mL,15.0,μS/cm,3.1,UC,,mg/L,,mg/L,8.0,mg/L,0.0,NPM/100mL,0.312,mg/L,,,,,0.936,mg/L,0.088,mg/L,0.032,mg/L,0.0,mg/L,,mg/L,,mg/L,5.0,mg/L,0.0,mg/L,0.0,mg/L,,,7.0,,,mg/L,,,,,,,26.6,°C,,m,14.3,NTU,,,,,6.2,mg/L,0.0,mg/L,-18.706763370925028,-51.008782838537705
CLA-08CS,2018-01-01,12.0,mg/L,0.026,mg/L,8.0,mg/L,0.0,μg/L,0.554,mg/L,,,0.0,NMP/100mL,16.0,μS/cm,2.3,UC,,mg/L,,mg/L,12.0,mg/L,0.0,NPM/100mL,0.214,mg/L,,,,,0.56,mg/L,0.123,mg/L,0.071,mg/L,0.003,mg/L,,mg/L,,mg/L,5.0,mg/L,0.0,mg/L,19.27,mg/L,,,8.0,,,mg/L,,,,,,,26.4,°C,,m,11.91,NTU,,,,,6.53,mg/L,0.0,mg/L,-18.658334892800493,-51.06757829218299
CLA-09,2018-01-01,8.0,mg/L,0.0,mg/L,18.0,mg/L,0.0,μg/L,0.315,mg/L,,,0.0,NMP/100mL,12.0,μS/cm,1.0,UC,,mg/L,,mg/L,12.0,mg/L,0.0,NPM/100mL,0.1,mg/L,,,,,0.351,mg/L,0.036,mg/L,0.054,mg/L,0.0,mg/L,,mg/L,,mg/L,5.6,mg/L,0.0,mg/L,18.32,mg/L,,,6.0,,,mg/L,,,,,,,26.1,°C,,m,10.8,NTU,,,,,6.53,mg/L,0.0,mg/L,-18.732783800131944,-51.003284514940056
CLA-01,2018-03-20,12.0,mg/L,0.0,mg/L,20.0,mg/L,0.9,μg/L,0.0,mg/L,,,0.0,NMP/100mL,21.0,μS/cm,17.1,UC,,mg/L,,mg/L,12.0,mg/L,0.0,NPM/100mL,0.242,mg/L,,,,,0.188,mg/L,0.16,mg/L,0.03,mg/L,0.0,mg/L,,mg/L,,mg/L,4.8,mg/L,0.0,mg/L,14.32,mg/L,,,10.0,,,mg/L,,,,,,,28.6,°C,,m,18.4,NTU,,,,,6.85,mg/L,0.0,mg/L,-18.40471469720768,-51.22287716980235
CLA-02,2018-03-20,8.0,mg/L,0.0,mg/L,18.0,mg/L,1.3,μg/L,0.0,mg/L,,,4.0,NMP/100mL,23.0,μS/cm,8.1,UC,,mg/L,,mg/L,10.0,mg/L,0.0,NPM/100mL,0.153,mg/L,,,,,1.13,mg/L,0.0,mg/L,0.071,mg/L,0.001,mg/L,,mg/L,,mg/L,5.0,mg/L,0.0,mg/L,12.54,mg/L,,,12.0,,,mg/L,,,,,,,28.4,°C,,m,20.2,NTU,,,,,7.32,mg/L,0.0,mg/L,-18.478620867606217,-51.188607926708855
CLA-03,2018-03-20,12.0,mg/L,0.0,mg/L,6.0,mg/L,2.4,μg/L,0.0,mg/L,,,70.0,NMP/100mL,25.0,μS/cm,10.5,UC,,mg/L,,mg/L,8.0,mg/L,2.6,NPM/100mL,0.148,mg/L,,,,,1.16,mg/L,0.1,mg/L,0.08,mg/L,0.0,mg/L,,mg/L,,mg/L,5.0,mg/L,0.0,mg/L,14.32,mg/L,,,12.0,,,mg/L,,,,,,,28.5,°C,,m,23.5,NTU,,,,,7.21,mg/L,0.0,mg/L,-18.528218997966466,-51.15191904306638
CLA-04,2018-03-21,20.0,mg/L,0.004,mg/L,22.0,mg/L,0.0,μg/L,0.0,mg/L,,,0.0,NMP/100mL,104.0,μS/cm,12.4,UC,,mg/L,,mg/L,6.0,mg/L,0.0,NPM/100mL,0.27,mg/L,,,,,1.18,mg/L,0.16,mg/L,0.097,mg/L,0.011,mg/L,,mg/L,,mg/L,5.0,mg/L,0.0,mg/L,15.0,mg/L,,,52.0,,,mg/L,,,,,,,24.5,°C,,m,21.4,NTU,,,,,7.31,mg/L,0.0,mg/L,-18.554869066877227,-51.12675459317855
CLA-05,2018-03-21,18.0,mg/L,0.161,mg/L,28.9,mg/L,1.1,μg/L,0.006,mg/L,,,7.12,NMP/100mL,22.0,μS/cm,14.5,UC,,mg/L,,mg/L,8.0,mg/L,22.0,NPM/100mL,0.511,mg/L,,,,,1.202,mg/L,0.219,mg/L,0.155,mg/L,0.009,mg/L,,mg/L,,mg/L,4.6,mg/L,0.0,mg/L,31.8,mg/L,,,11.0,,,mg/L,,,,,,,25.2,°C,,m,23.8,NTU,,,,,7.35,mg/L,1.6,mg/L,-18.55495622601502,-51.12622947820932
CLA-06,2018-03-21,12.0,mg/L,0.049,mg/L,19.2,mg/L,0.0,μg/L,0.0,mg/L,,,0.0,NMP/100mL,18.0,μS/cm,13.6,UC,,mg/L,,mg/L,8.0,mg/L,0.0,NPM/100mL,0.55,mg/L,,,,,1.346,mg/L,0.249,mg/L,0.15,mg/L,0.011,mg/L,,mg/L,,mg/L,4.8,mg/L,0.0,mg/L,20.6,mg/L,,,9.0,,,mg/L,,,,,,,27.3,°C,,m,21.3,NTU,,,,,6.88,mg/L,0.0,mg/L,-18.569842526616718,-51.10807692400981
CLA-06B,2018-03-21,8.0,mg/L,0.003,mg/L,4.0,mg/L,0.0,μg/L,0.0,mg/L,,,263.0,NMP/100mL,23.0,μS/cm,12.8,UC,,mg/L,,mg/L,12.0,mg/L,0.0,NPM/100mL,0.622,mg/L,,,,,1.319,mg/L,0.218,mg/L,0.167,mg/L,0.008,mg/L,,mg/L,,mg/L,4.9,mg/L,0.0,mg/L,23.29,mg/L,,,11.0,,,mg/L,,,,,,,26.6,°C,,m,26.8,NTU,,,,,6.93,mg/L,0.0,mg/L,-18.580416304138193,-51.10538491999489
CLA-07,2018-03-21,12.0,mg/L,0.0,mg/L,8.0,mg/L,1.5,μg/L,0.0,mg/L,,,11.0,NMP/100mL,16.0,μS/cm,11.3,UC,,mg/L,,mg/L,6.0,mg/L,0.0,NPM/100mL,0.444,mg/L,,,,,1.258,mg/L,0.001,mg/L,0.139,mg/L,0.007,mg/L,,mg/L,,mg/L,5.0,mg/L,0.0,mg/L,24.05,mg/L,,,8.0,,,mg/L,,,,,,,27.2,°C,,m,27.1,NTU,,,,,6.91,mg/L,0.0,mg/L,-18.64469238815568,-51.05218482324302
CLA-08,2018-03-21,16.0,mg/L,0.0,mg/L,8.0,mg/L,0.0,μg/L,0.005,mg/L,,,0.0,NMP/100mL,22.0,μS/cm,11.6,UC,,mg/L,,mg/L,12.0,mg/L,0.0,NPM/100mL,0.147,mg/L,,,,,0.1,mg/L,0.073,mg/L,0.06,mg/L,0.004,mg/L,,mg/L,,mg/L,5.0,mg/L,0.0,mg/L,9.6,mg/L,,,11.0,,,mg/L,,,,,,,27.6,°C,,m,19.8,NTU,,,,,7.18,mg/L,0.0,mg/L,-18.706763370925028,-51.008782838537705
CLA-08CS,2018-03-21,12.0,mg/L,0.039,mg/L,12.0,mg/L,0.0,μg/L,0.003,mg/L,,,0.0,NMP/100mL,19.0,μS/cm,15.4,UC,,mg/L,,mg/L,8.0,mg/L,0.0,NPM/100mL,0.105,mg/L,,,,,1.127,mg/L,0.017,mg/L,0.038,mg/L,0.0,mg/L,,mg/L,,mg/L,4.8,mg/L,0.0,mg/L,15.82,mg/L,,,9.0,,,mg/L,,,,,,,28.2,°C,,m,20.3,NTU,,,,,7.5,mg/L,0.0,mg/L,-18.658334892800493,-51.06757829218299
CLA-09,2018-03-20,8.0,mg/L,0.0,mg/L,18.52,mg/L,0.0,μg/L,0.0,mg/L,,,0.0,NMP/100mL,25.0,μS/cm,12.1,UC,,mg/L,,mg/L,18.0,mg/L,0.0,NPM/100mL,0.1,mg/L,,,,,0.153,mg/L,0.12,mg/L,0.023,mg/L,0.0,mg/L,,mg/L,,mg/L,5.0,mg/L,0.0,mg/L,8.0,mg/L,,,12.0,,,mg/L,,,,,,,25.2,°C,,m,20.18,NTU,,,,,6.85,mg/L,0.0,mg/L,-18.732783800131944,-51.003284514940056
CLA-01,2018-06-25,8.0,mg/L,0.0,mg/L,16.0,mg/L,1.3,μg/L,0.009,mg/L,,,0.0,NMP/100mL,18.0,μS/cm,12.0,UC,,mg/L,,mg/L,10.0,mg/L,0.0,NPM/100mL,0.0,mg/L,,,,,0.08,mg/L,0.09,mg/L,0.0,mg/L,0.0,mg/L,,mg/L,,mg/L,4.9,mg/L,0.0,mg/L,10.5,mg/L,,,9.0,,,mg/L,,,,,,,25.5,°C,,m,14.1,NTU,,,,,6.8,mg/L,0.0,mg/L,-18.40471469720768,-51.22287716980235
CLA-02,2018-06-25,10.0,mg/L,0.0,mg/L,21.0,mg/L,1.4,μg/L,0.0,mg/L,,,4.0,NMP/100mL,17.0,μS/cm,6.1,UC,,mg/L,,mg/L,8.0,mg/L,0.0,NPM/100mL,0.0,mg/L,,,,,0.06,mg/L,0.001,mg/L,0.0,mg/L,0.0,mg/L,,mg/L,,mg/L,5.1,mg/L,0.0,mg/L,14.2,mg/L,,,8.0,,,mg/L,,,,,,,25.2,°C,,m,15.0,NTU,,,,,7.5,mg/L,0.0,mg/L,-18.478620867606217,-51.188607926708855
CLA-03,2018-06-25,14.0,mg/L,0.0,mg/L,10.0,mg/L,1.8,μg/L,0.0,mg/L,,,7.0,NMP/100mL,20.0,μS/cm,10.0,UC,,mg/L,,mg/L,10.0,mg/L,0.0,NPM/100mL,0.0,mg/L,,,,,0.06,mg/L,0.0,mg/L,0.0,mg/L,0.0,mg/L,,mg/L,,mg/L,5.0,mg/L,0.0,mg/L,12.0,mg/L,,,10.0,,,mg/L,,,,,,,24.5,°C,,m,21.0,NTU,,,,,7.1,mg/L,0.0,mg/L,-18.528218997966466,-51.15191904306638
CLA-04,2018-06-25,12.0,mg/L,0.0,mg/L,10.0,mg/L,2.6,μg/L,0.0,mg/L,,,0.0,NMP/100mL,16.4,μS/cm,80.4,UC,,mg/L,,mg/L,8.0,mg/L,0.0,NPM/100mL,0.0,mg/L,,,,,0.0,mg/L,0.0,mg/L,0.0,mg/L,0.0,mg/L,,mg/L,,mg/L,5.2,mg/L,0.0,mg/L,12.0,mg/L,,,8.0,,,mg/L,,,,,,,23.2,°C,,m,10.0,NTU,,,,,7.1,mg/L,0.0,mg/L,-18.554869066877227,-51.12675459317855
CLA-05,2018-06-25,16.0,mg/L,0.183,mg/L,46.3,mg/L,6.5,μg/L,0.008,mg/L,,,819.0,NMP/100mL,32.0,μS/cm,12.6,UC,,mg/L,,mg/L,22.0,mg/L,25.0,NPM/100mL,0.42,mg/L,,,,,1.1,mg/L,0.212,mg/L,0.183,mg/L,0.008,mg/L,,mg/L,,mg/L,4.8,mg/L,0.0,mg/L,43.5,mg/L,,,16.0,,,mg/L,,,,,,,23.8,°C,,m,28.2,NTU,,,,,7.4,mg/L,1.4,mg/L,-18.55495622601502,-51.12622947820932
CLA-06,2018-06-25,16.0,mg/L,0.01,mg/L,25.3,mg/L,2.4,μg/L,0.0,mg/L,,,0.0,NMP/100mL,16.0,μS/cm,10.0,UC,,mg/L,,mg/L,16.0,mg/L,0.0,NPM/100mL,0.42,mg/L,,,,,1.1,mg/L,0.1,mg/L,0.11,mg/L,0.02,mg/L,,mg/L,,mg/L,4.9,mg/L,0.0,mg/L,23.5,mg/L,,,8.0,,,mg/L,,,,,,,24.2,°C,,m,20.0,NTU,,,,,7.0,mg/L,0.5,mg/L,-18.569842526616718,-51.10807692400981
CLA-06B,2018-06-25,10.0,mg/L,0.0,mg/L,6.2,mg/L,2.3,μg/L,0.0,mg/L,,,36.0,NMP/100mL,19.0,μS/cm,8.6,UC,,mg/L,,mg/L,17.0,mg/L,0.0,NPM/100mL,0.41,mg/L,,,,,0.184,mg/L,0.142,mg/L,0.136,mg/L,0.005,mg/L,,mg/L,,mg/L,4.8,mg/L,0.0,mg/L,21.1,mg/L,,,10.0,,,mg/L,,,,,,,24.5,°C,,m,16.0,NTU,,,,,7.4,mg/L,0.0,mg/L,-18.580416304138193,-51.10538491999489
CLA-07,2018-06-25,14.0,mg/L,0.0,mg/L,20.0,mg/L,2.5,μg/L,0.0,mg/L,,,0.0,NMP/100mL,12.0,μS/cm,10.6,UC,,mg/L,,mg/L,12.0,mg/L,0.0,NPM/100mL,0.0,mg/L,,,,,0.23,mg/L,0.0,mg/L,0.0,mg/L,0.0,mg/L,,mg/L,,mg/L,5.0,mg/L,0.0,mg/L,16.5,mg/L,,,6.0,,,mg/L,,,,,,,24.5,°C,,m,21.0,NTU,,,,,7.2,mg/L,0.0,mg/L,-18.64469238815568,-51.05218482324302
CLA-08,2018-06-25,14.0,mg/L,0.0,mg/L,12.0,mg/L,2.6,μg/L,0.0,mg/L,,,0.0,NMP/100mL,14.0,μS/cm,10.0,UC,,mg/L,,mg/L,16.0,mg/L,0.0,NPM/100mL,0.1,mg/L,,,,,0.0,mg/L,0.01,mg/L,0.0,mg/L,0.0,mg/L,,mg/L,,mg/L,5.0,mg/L,0.0,mg/L,12.5,mg/L,,,8.0,,,mg/L,,,,,,,25.2,°C,,m,16.0,NTU,,,,,7.3,mg/L,0.0,mg/L,-18.706763370925028,-51.008782838537705
CLA-08CS,2018-06-25,16.0,mg/L,0.0,mg/L,21.2,mg/L,2.9,μg/L,0.0,mg/L,,,0.0,NMP/100mL,15.0,μS/cm,12.0,UC,,mg/L,,mg/L,12.0,mg/L,0.0,NPM/100mL,0.105,mg/L,,,,,0.0,mg/L,0.0,mg/L,0.0,mg/L,0.0,mg/L,,mg/L,,mg/L,5.0,mg/L,0.0,mg/L,18.2,mg/L,,,9.0,,,mg/L,,,,,,,25.5,°C,,m,18.0,NTU,,,,,7.1,mg/L,0.0,mg/L,-18.658334892800493,-51.06757829218299
CLA-09,2018-06-25,10.0,mg/L,0.0,mg/L,20.3,mg/L,2.8,μg/L,0.0,mg/L,,,0.0,NMP/100mL,20.0,μS/cm,8.0,UC,,mg/L,,mg/L,16.0,mg/L,0.0,NPM/100mL,0.0,mg/L,,,,,0.0,mg/L,0.0,mg/L,0.0,mg/L,0.0,mg/L,,mg/L,,mg/L,5.0,mg/L,0.0,mg/L,16.0,mg/L,,,10.0,,,mg/L,,,,,,,24.3,°C,,m,19.0,NTU,,,,,7.4,mg/L,0.0,mg/L,-18.732783800131944,-51.003284514940056
CLA-01,2018-10-23,10.0,mg/L,0.01,mg/L,6.3,mg/L,1.0,μg/L,0.0,mg/L,,,14.0,NMP/100mL,14.0,μS/cm,8.0,UC,,mg/L,,mg/L,8.0,mg/L,0.0,NPM/100mL,0.0,mg/L,,,,,0.04,mg/L,0.0,mg/L,0.01,mg/L,0.0,mg/L,,mg/L,,mg/L,5.8,mg/L,0.0,mg/L,4.25,mg/L,,,,7.0,mg/L,,,,,,,mg/L,22.5,°C,,m,2.1,NTU,,,,,6.5,mg/L,0.0,mg/L,-18.40471469720768,-51.22287716980235
CLA-02,2018-10-23,8.0,mg/L,0.0,mg/L,12.0,mg/L,1.6,μg/L,0.0,mg/L,,,0.0,NMP/100mL,12.0,μS/cm,4.5,UC,,mg/L,,mg/L,14.0,mg/L,0.0,NPM/100mL,0.0,mg/L,,,,,0.03,mg/L,0.0,mg/L,0.05,mg/L,0.0,mg/L,,mg/L,,mg/L,4.8,mg/L,0.01,mg/L,10.5,mg/L,,,,6.0,mg/L,,,,,,,mg/L,27.2,°C,,m,10.0,NTU,,,,,6.8,mg/L,0.0,mg/L,-18.478620867606217,-51.188607926708855
CLA-03,2018-10-23,8.0,mg/L,0.02,mg/L,14.0,mg/L,2.3,μg/L,0.0,mg/L,,,8.0,NMP/100mL,12.0,μS/cm,8.0,UC,,mg/L,,mg/L,12.0,mg/L,0.0,NPM/100mL,0.06,mg/L,,,,,0.02,mg/L,0.0,mg/L,0.05,mg/L,0.01,mg/L,,mg/L,,mg/L,4.9,mg/L,0.0,mg/L,14.0,mg/L,,,,6.0,mg/L,,,,,,,mg/L,27.8,°C,,m,16.0,NTU,,,,,7.0,mg/L,0.0,mg/L,-18.528218997966466,-51.15191904306638
CLA-04,2018-10-23,16.0,mg/L,0.05,mg/L,18.0,mg/L,3.2,μg/L,0.0,mg/L,,,16.0,NMP/100mL,18.0,μS/cm,14.2,UC,,mg/L,,mg/L,10.0,mg/L,0.0,NPM/100mL,0.01,mg/L,,,,,0.23,mg/L,0.0,mg/L,0.07,mg/L,0.01,mg/L,,mg/L,,mg/L,4.8,mg/L,0.0,mg/L,16.0,mg/L,,,,9.0,mg/L,,,,,,,mg/L,27.8,°C,,m,14.0,NTU,,,,,6.8,mg/L,0.0,mg/L,-18.554869066877227,-51.12675459317855
CLA-05,2018-10-23,18.0,mg/L,0.732,mg/L,62.4,mg/L,4.32,μg/L,0.006,mg/L,,,1112.0,NMP/100mL,36.0,μS/cm,13.2,UC,,mg/L,,mg/L,26.0,mg/L,46.0,NPM/100mL,0.38,mg/L,,,,,0.92,mg/L,0.181,mg/L,0.164,mg/L,0.2,mg/L,,mg/L,,mg/L,4.6,mg/L,0.0,mg/L,52.5,mg/L,,,,18.0,mg/L,,,,,,,mg/L,25.8,°C,,m,26.4,NTU,,,,,7.2,mg/L,1.6,mg/L,-18.55495622601502,-51.12622947820932
CLA-06,2018-10-23,14.0,mg/L,0.0,mg/L,26.4,mg/L,1.8,μg/L,0.0,mg/L,,,14.0,NMP/100mL,10.0,μS/cm,8.0,UC,,mg/L,,mg/L,14.0,mg/L,0.0,NPM/100mL,0.3,mg/L,,,,,0.648,mg/L,0.0,mg/L,0.13,mg/L,0.05,mg/L,,mg/L,,mg/L,4.8,mg/L,0.0,mg/L,18.0,mg/L,,,,5.0,mg/L,,,,,,,mg/L,27.6,°C,,m,12.0,NTU,,,,,7.2,mg/L,0.2,mg/L,-18.569842526616718,-51.10807692400981
CLA-06B,2018-10-23,12.0,mg/L,0.0,mg/L,12.4,mg/L,2.3,μg/L,0.0,mg/L,,,36.0,NMP/100mL,14.0,μS/cm,7.3,UC,,mg/L,,mg/L,16.0,mg/L,0.0,NPM/100mL,0.32,mg/L,,,,,0.11,mg/L,0.0,mg/L,0.12,mg/L,0.003,mg/L,,mg/L,,mg/L,4.9,mg/L,0.0,mg/L,26.2,mg/L,,,,7.0,mg/L,,,,,,,mg/L,27.5,°C,,m,12.0,NTU,,,,,7.1,mg/L,0.0,mg/L,-18.580416304138193,-51.10538491999489
CLA-07,2018-10-23,12.0,mg/L,0.01,mg/L,26.0,mg/L,3.2,μg/L,0.0,mg/L,,,0.0,NMP/100mL,14.0,μS/cm,12.6,UC,,mg/L,,mg/L,18.0,mg/L,0.0,NPM/100mL,0.03,mg/L,,,,,0.12,mg/L,0.0,mg/L,0.16,mg/L,0.02,mg/L,,mg/L,,mg/L,4.8,mg/L,0.0,mg/L,14.0,mg/L,,,,7.0,mg/L,,,,,,,mg/L,27.2,°C,,m,18.0,NTU,,,,,6.96,mg/L,0.0,mg/L,-18.64469238815568,-51.05218482324302
CLA-08,2018-10-23,12.0,mg/L,0.0,mg/L,16.0,mg/L,2.2,μg/L,0.0,mg/L,,,0.0,NMP/100mL,10.0,μS/cm,8.0,UC,,mg/L,,mg/L,12.0,mg/L,0.0,NPM/100mL,0.0,mg/L,,,,,0.0,mg/L,0.0,mg/L,0.0,mg/L,0.0,mg/L,,mg/L,,mg/L,5.8,mg/L,0.0,mg/L,14.0,mg/L,,,,,mg/L,,,,,,,mg/L,27.2,°C,,m,12.0,NTU,,,,,7.1,mg/L,0.0,mg/L,-18.706763370925028,-51.008782838537705
CLA-08CS,2018-10-23,10.0,mg/L,0.0,mg/L,16.3,mg/L,1.6,μg/L,0.0,mg/L,,,0.0,NMP/100mL,18.0,μS/cm,8.0,UC,,mg/L,,mg/L,14.0,mg/L,0.0,NPM/100mL,0.0,mg/L,,,,,0.0,mg/L,0.0,mg/L,0.0,mg/L,0.0,mg/L,,mg/L,,mg/L,4.8,mg/L,0.0,mg/L,15.3,mg/L,,,,9.0,mg/L,,,,,,,mg/L,27.5,°C,,m,14.0,NTU,,,,,6.8,mg/L,0.0,mg/L,-18.658334892800493,-51.06757829218299
CLA-09,2018-10-24,8.0,mg/L,0.0,mg/L,21.3,mg/L,1.7,μg/L,0.0,mg/L,,,0.0,NMP/100mL,18.0,μS/cm,10.0,UC,,mg/L,,mg/L,16.0,mg/L,0.0,NPM/100mL,0.0,mg/L,,,,,0.0,mg/L,0.0,mg/L,0.0,mg/L,0.0,mg/L,,mg/L,,mg/L,5.0,mg/L,0.0,mg/L,10.0,mg/L,,,,9.0,mg/L,,,,,,,mg/L,25.2,°C,,m,12.0,NTU,,,,,6.8,mg/L,0.0,mg/L,-18.732783800131944,-51.003284514940056
CLA-ETE,2018-10-24,,mg/L,,mg/L,,mg/L,,μg/L,,mg/L,,,,NMP/100mL,,μS/cm,,UC,,mg/L,,mg/L,,mg/L,,NPM/100mL,,mg/L,,,,,,mg/L,,mg/L,,mg/L,,mg/L,,mg/L,,mg/L,,mg/L,,mg/L,,mg/L,,mg/L,,,mg/L,,,mg/L,,mg/L,,mg/L,,°C,,m,,NTU,,,,,,mg/L,,mg/L,-18.567897827162238,-51.110681871352824
CLA-01,2019-01-22,16.0,mg/L,0.01,mg/L,4.0,mg/L,0.7,μg/L,0.0,mg/L,,,0.0,NMP/100mL,26.0,μS/cm,16.0,UC,2.1,mg/L,,mg/L,18.0,mg/L,,NPM/100mL,0.1,mg/L,,,,,0.0,mg/L,0.0,mg/L,0.0,mg/L,0.0,mg/L,,mg/L,,mg/L,5.1,mg/L,,mg/L,8.6,mg/L,,,,13.0,mg/L,,,,,,,mg/L,25.6,°C,0.8,m,22.4,NTU,,,,,7.3,mg/L,,mg/L,-18.40471469720768,-51.22287716980235
CLA-02,2019-01-22,12.0,mg/L,0.007,mg/L,12.0,mg/L,1.3,μg/L,0.0,mg/L,,,0.0,NMP/100mL,24.0,μS/cm,20.0,UC,1.6,mg/L,,mg/L,12.0,mg/L,,NPM/100mL,0.3,mg/L,,,,,0.01,mg/L,0.0,mg/L,0.0,mg/L,0.0,mg/L,,mg/L,,mg/L,5.0,mg/L,,mg/L,17.6,mg/L,,,,12.0,mg/L,,,,,,,mg/L,25.8,°C,0.7,m,18.2,NTU,,,,,7.5,mg/L,,mg/L,-18.478620867606217,-51.188607926708855
CLA-03,2019-01-22,16.0,mg/L,0.04,mg/L,21.0,mg/L,2.1,μg/L,0.0,mg/L,,,0.0,NMP/100mL,19.0,μS/cm,18.0,UC,1.4,mg/L,,mg/L,16.0,mg/L,,NPM/100mL,0.2,mg/L,,,,,0.1,mg/L,0.0,mg/L,0.12,mg/L,0.02,mg/L,,mg/L,,mg/L,4.9,mg/L,,mg/L,20.0,mg/L,,,,9.0,mg/L,,,,,,,mg/L,26.2,°C,0.8,m,26.0,NTU,,,,,7.1,mg/L,,mg/L,-18.528218997966466,-51.15191904306638
CLA-04,2019-01-22,14.0,mg/L,0.003,mg/L,44.0,mg/L,1.1,μg/L,0.0,mg/L,,,0.0,NMP/100mL,22.0,μS/cm,21.0,UC,1.9,mg/L,,mg/L,18.0,mg/L,,NPM/100mL,0.3,mg/L,,,,,0.06,mg/L,0.2,mg/L,1.2,mg/L,0.01,mg/L,,mg/L,,mg/L,4.8,mg/L,,mg/L,27.0,mg/L,,,,11.0,mg/L,,,,,,,mg/L,26.8,°C,0.6,m,25.2,NTU,,,,,6.8,mg/L,,mg/L,-18.554869066877227,-51.12675459317855
CLA-05,2019-01-22,18.0,mg/L,0.003,mg/L,68.0,mg/L,4.8,μg/L,0.0,mg/L,,,842.0,NMP/100mL,22.0,μS/cm,21.0,UC,5.6,mg/L,0.07,mg/L,18.0,mg/L,,NPM/100mL,0.3,mg/L,,,,,1.18,mg/L,0.07,mg/L,0.18,mg/L,0.26,mg/L,,mg/L,,mg/L,4.8,mg/L,,mg/L,27.0,mg/L,,,,11.0,mg/L,,,,,,,mg/L,26.8,°C,0.6,m,25.2,NTU,,,,,6.8,mg/L,,mg/L,-18.55495622601502,-51.12622947820932
CLA-06,2019-01-22,18.0,mg/L,0.0,mg/L,24.2,mg/L,3.6,μg/L,0.0,mg/L,,,212.0,NMP/100mL,12.0,μS/cm,10.0,UC,5.6,mg/L,,mg/L,14.0,mg/L,,NPM/100mL,0.2,mg/L,,,,,0.2,mg/L,0.0,mg/L,0.15,mg/L,0.08,mg/L,,mg/L,,mg/L,4.6,mg/L,,mg/L,21.0,mg/L,,,,6.0,mg/L,,,,,,,mg/L,27.6,°C,0.8,m,24.8,NTU,,,,,7.2,mg/L,,mg/L,-18.569842526616718,-51.10807692400981
CLA-06B,2019-01-22,21.0,mg/L,0.0,mg/L,23.6,mg/L,2.1,μg/L,0.0,mg/L,,,48.0,NMP/100mL,18.0,μS/cm,12.0,UC,3.4,mg/L,,mg/L,12.0,mg/L,,NPM/100mL,0.31,mg/L,,,,,0.01,mg/L,0.0,mg/L,1.18,mg/L,0.09,mg/L,,mg/L,,mg/L,4.9,mg/L,,mg/L,27.8,mg/L,,,,9.0,mg/L,,,,,,,mg/L,28.2,°C,0.9,m,16.0,NTU,,,,,7.3,mg/L,,mg/L,-18.580416304138193,-51.10538491999489
CLA-07,2019-01-22,18.0,mg/L,0.001,mg/L,28.0,mg/L,3.3,μg/L,0.0,mg/L,,,0.0,NMP/100mL,16.0,μS/cm,14.0,UC,2.8,mg/L,,mg/L,20.0,mg/L,,NPM/100mL,0.03,mg/L,,,,,0.05,mg/L,0.0,mg/L,0.18,mg/L,0.2,mg/L,,mg/L,,mg/L,4.9,mg/L,,mg/L,17.2,mg/L,,,,8.0,mg/L,,,,,,,mg/L,29.2,°C,0.8,m,20.0,NTU,,,,,7.1,mg/L,,mg/L,-18.64469238815568,-51.05218482324302
CLA-08,2019-01-22,12.0,mg/L,0.001,mg/L,16.0,mg/L,2.1,μg/L,0.0,mg/L,,,0.0,NMP/100mL,10.0,μS/cm,15.0,UC,1.8,mg/L,,mg/L,16.0,mg/L,,NPM/100mL,0.03,mg/L,,,,,0.0,mg/L,0.0,mg/L,0.0,mg/L,0.0,mg/L,,mg/L,,mg/L,4.8,mg/L,,mg/L,12.0,mg/L,,,,5.0,mg/L,,,,,,,mg/L,29.6,°C,0.9,m,18.0,NTU,,,,,7.2,mg/L,,mg/L,-18.706763370925028,-51.008782838537705
CLA-08CS,2019-01-22,10.0,mg/L,0.0,mg/L,12.0,mg/L,2.6,μg/L,0.0,mg/L,,,0.0,NMP/100mL,18.0,μS/cm,10.0,UC,2.1,mg/L,,mg/L,14.0,mg/L,,NPM/100mL,0.0,mg/L,,,,,0.0,mg/L,0.0,mg/L,0.0,mg/L,0.0,mg/L,,mg/L,,mg/L,4.9,mg/L,,mg/L,8.0,mg/L,,,,9.0,mg/L,,,,,,,mg/L,29.4,°C,0.8,m,15.0,NTU,,,,,6.8,mg/L,,mg/L,-18.658334892800493,-51.06757829218299
CLA-09,2019-01-22,12.0,mg/L,0.0,mg/L,13.0,mg/L,1.2,μg/L,0.0,mg/L,,,0.0,NMP/100mL,20.0,μS/cm,12.0,UC,1.2,mg/L,,mg/L,16.0,mg/L,,NPM/100mL,0.0,mg/L,,,,,0.0,mg/L,0.0,mg/L,0.0,mg/L,0.0,mg/L,,mg/L,,mg/L,5.2,mg/L,,mg/L,6.0,mg/L,,,,10.0,mg/L,,,,,,,mg/L,25.4,°C,0.4,m,12.0,NTU,,,,,6.6,mg/L,,mg/L,-18.732783800131944,-51.003284514940056
CLA-ETE,2019-01-22,,mg/L,0.001,mg/L,0.5,mg/L,,μg/L,,mg/L,,,12000.0,NMP/100mL,10.0,μS/cm,,UC,1.8,mg/L,26.0,mg/L,,mg/L,,NPM/100mL,0.98,mg/L,,,,,0.03,mg/L,0.0,mg/L,0.6,mg/L,0.0,mg/L,0.05,mg/L,0.65,mg/L,4.8,mg/L,,mg/L,10.0,mg/L,0.2,mg/L,,10.54,mg/L,,,mg/L,,mg/L,,mg/L,29.6,°C,,m,18.0,NTU,,,,,7.2,mg/L,,mg/L,-18.567897827162238,-51.110681871352824
CLA-01,2019-04-03,13.0,mg/L,0.0,mg/L,0.0,mg/L,0.4,μg/L,0.0,mg/L,,,0.0,NMP/100mL,35.0,μS/cm,16.0,UC,1.11,mg/L,,mg/L,12.0,mg/L,,NPM/100mL,0.22,mg/L,,,,,0.029,mg/L,0.001,mg/L,0.4,mg/L,0.002,mg/L,0.08,mg/L,0.485,mg/L,5.0,mg/L,,mg/L,0.0,mg/L,,,,17.0,mg/L,,,,,,,mg/L,26.7,°C,0.4,m,36.2,NTU,,,,,7.3,mg/L,0.0,mg/L,-18.40471469720768,-51.22287716980235
CLA-02,2019-04-03,13.0,mg/L,0.0,mg/L,0.0,mg/L,0.2,μg/L,0.0,mg/L,,,0.0,NMP/100mL,32.0,μS/cm,12.6,UC,0.66,mg/L,0.0,mg/L,12.0,mg/L,0.0,NPM/100mL,0.23,mg/L,,,,,0.02,mg/L,0.0,mg/L,0.3,mg/L,0.001,mg/L,0.04,mg/L,0.343,mg/L,5.0,mg/L,,mg/L,0.0,mg/L,,,,16.0,mg/L,,,,,,,mg/L,24.6,°C,0.8,m,26.5,NTU,,,,,7.5,mg/L,0.0,mg/L,-18.478620867606217,-51.188607926708855
CLA-03,2019-04-03,13.0,mg/L,0.0,mg/L,0.0,mg/L,0.1,μg/L,0.0,mg/L,,,0.0,NMP/100mL,30.1,μS/cm,12.0,UC,0.27,mg/L,,mg/L,12.0,mg/L,,NPM/100mL,0.26,mg/L,,,,,0.02,mg/L,0.0,mg/L,0.2,mg/L,0.001,mg/L,0.0,mg/L,0.204,mg/L,5.1,mg/L,,mg/L,0.0,mg/L,,,,15.0,mg/L,,,,,,,mg/L,25.2,°C,0.6,m,28.0,NTU,,,,,7.1,mg/L,0.0,mg/L,-18.528218997966466,-51.15191904306638
CLA-04,2019-04-03,13.0,mg/L,0.0,mg/L,0.0,mg/L,0.3,μg/L,0.0,mg/L,,,0.0,NMP/100mL,28.0,μS/cm,15.0,UC,0.63,mg/L,0.63,mg/L,13.0,mg/L,,NPM/100mL,0.25,mg/L,,,,,0.01,mg/L,0.0,mg/L,0.3,mg/L,0.0,mg/L,0.0,mg/L,0.3,mg/L,5.0,mg/L,,mg/L,0.0,mg/L,,,,14.0,mg/L,,,,,,,mg/L,25.4,°C,0.7,m,25.0,NTU,,,,,7.5,mg/L,0.0,mg/L,-18.554869066877227,-51.12675459317855
CLA-05,2019-04-03,15.0,mg/L,0.0,mg/L,0.0,mg/L,0.1,μg/L,0.0,mg/L,,,884.0,NMP/100mL,42.0,μS/cm,26.0,UC,0.7,mg/L,,mg/L,14.0,mg/L,,NPM/100mL,0.21,mg/L,,,,,0.03,mg/L,0.0,mg/L,0.5,mg/L,0.006,mg/L,0.2,mg/L,0.7,mg/L,5.2,mg/L,,mg/L,0.0,mg/L,,,,21.0,mg/L,,,,,,,mg/L,26.2,°C,0.1,m,35.0,NTU,,,,,7.1,mg/L,0.0,mg/L,-18.55495622601502,-51.12622947820932
CLA-06,2019-04-03,15.0,mg/L,0.0,mg/L,0.0,mg/L,0.3,μg/L,0.0,mg/L,,,212.0,NMP/100mL,28.0,μS/cm,12.0,UC,0.71,mg/L,,mg/L,12.0,mg/L,,NPM/100mL,0.22,mg/L,,,,,0.02,mg/L,0.0,mg/L,0.8,mg/L,0.002,mg/L,0.2,mg/L,1.0,mg/L,5.1,mg/L,,mg/L,0.0,mg/L,,,,14.0,mg/L,,,,,,,mg/L,27.5,°C,0.5,m,16.0,NTU,,,,,6.68,mg/L,0.0,mg/L,-18.569842526616718,-51.10807692400981
CLA-06B,2019-04-03,16.0,mg/L,0.0,mg/L,0.0,mg/L,0.2,μg/L,0.0,mg/L,,,48.0,NMP/100mL,28.0,μS/cm,14.0,UC,0.8,mg/L,0.0,mg/L,15.0,mg/L,,NPM/100mL,0.25,mg/L,,,,,0.023,mg/L,0.0,mg/L,0.3,mg/L,0.003,mg/L,0.12,mg/L,0.42,mg/L,5.0,mg/L,,mg/L,0.0,mg/L,,,,14.0,mg/L,,,,,,,mg/L,29.2,°C,0.6,m,18.0,NTU,,,,,7.78,mg/L,0.0,mg/L,-18.580416304138193,-51.10538491999489
CLA-07,2019-04-03,12.0,mg/L,0.0,mg/L,0.0,mg/L,0.1,μg/L,0.0,mg/L,,,0.0,NMP/100mL,28.0,μS/cm,12.0,UC,0.66,mg/L,,mg/L,14.0,mg/L,,NPM/100mL,0.24,mg/L,,,,,0.022,mg/L,0.0,mg/L,0.4,mg/L,0.002,mg/L,0.14,mg/L,0.51,mg/L,5.1,mg/L,,mg/L,0.0,mg/L,,,,14.0,mg/L,,,,,,,mg/L,29.9,°C,1.0,m,20.0,NTU,,,,,8.52,mg/L,0.0,mg/L,-18.64469238815568,-51.05218482324302
CLA-08,2019-04-03,15.0,mg/L,0.001,mg/L,0.0,mg/L,0.2,μg/L,0.0,mg/L,,,0.0,NMP/100mL,21.0,μS/cm,10.0,UC,0.73,mg/L,,mg/L,12.0,mg/L,,NPM/100mL,0.29,mg/L,,,,,0.017,mg/L,0.0,mg/L,0.3,mg/L,0.002,mg/L,0.18,mg/L,0.48,mg/L,5.2,mg/L,,mg/L,0.0,mg/L,,,,11.0,mg/L,,,,,,,mg/L,30.0,°C,1.6,m,20.0,NTU,,,,,8.32,mg/L,0.0,mg/L,-18.706763370925028,-51.008782838537705
CLA-08CS,2019-04-03,10.0,mg/L,0.0,mg/L,0.0,mg/L,0.3,μg/L,0.0,mg/L,,,0.0,NMP/100mL,25.0,μS/cm,15.0,UC,0.6,mg/L,,mg/L,12.0,mg/L,,NPM/100mL,0.28,mg/L,,,,,0.02,mg/L,0.0,mg/L,0.4,mg/L,0.005,mg/L,0.14,mg/L,0.54,mg/L,6.5,mg/L,,mg/L,0.0,mg/L,,,,13.0,mg/L,,,,,,,mg/L,30.0,°C,0.8,m,22.0,NTU,,,,,9.0,mg/L,0.0,mg/L,-18.658334892800493,-51.06757829218299
CLA-09,2019-04-03,10.0,mg/L,0.0,mg/L,0.0,mg/L,0.0,μg/L,0.0,mg/L,,,0.0,NMP/100mL,18.0,μS/cm,6.0,UC,0.1,mg/L,,mg/L,8.0,mg/L,,NPM/100mL,0.22,mg/L,,,,,0.01,mg/L,0.0,mg/L,0.2,mg/L,0.001,mg/L,0.1,mg/L,0.3,mg/L,6.2,mg/L,,mg/L,0.0,mg/L,,,,9.0,mg/L,,,,,,,mg/L,24.2,°C,0.3,m,12.0,NTU,,,,,8.2,mg/L,0.0,mg/L,-18.732783800131944,-51.003284514940056
CLA-ETE,2019-04-03,,mg/L,0.0,mg/L,0.7,mg/L,,μg/L,,mg/L,,,12000.0,NMP/100mL,21.0,μS/cm,,UC,1.8,mg/L,25.0,mg/L,,mg/L,,NPM/100mL,0.6,mg/L,,,,,0.03,mg/L,0.0,mg/L,0.6,mg/L,0.0,mg/L,0.05,mg/L,0.65,mg/L,4.5,mg/L,,mg/L,1.0,mg/L,0.1,mg/L,,10.5,mg/L,,1.0,mg/L,6.0,mg/L,16.5,mg/L,26.3,°C,,m,38.0,NTU,,,,,7.5,mg/L,0.0,mg/L,-18.567897827162238,-51.110681871352824
CLA-01,2019-07-10,6.0,mg/L,0.0,mg/L,0.0,mg/L,0.2,μg/L,0.0,mg/L,,,0.0,NMP/100mL,21.0,μS/cm,0.0,UC,1.2,mg/L,,mg/L,8.0,mg/L,,NPM/100mL,0.0,mg/L,,,,,0.0,mg/L,0.0,mg/L,0.0,mg/L,0.0,mg/L,0.0,mg/L,0.0,mg/L,7.6,mg/L,,mg/L,0.0,mg/L,,,,10.0,mg/L,,,,,,,mg/L,23.5,°C,1.1,m,3.82,NTU,,,,,8.0,mg/L,0.0,mg/L,-18.40471469720768,-51.22287716980235
CLA-02,2019-07-10,6.0,mg/L,0.0,mg/L,2.0,mg/L,0.3,μg/L,0.0,mg/L,,,0.0,NMP/100mL,19.0,μS/cm,0.0,UC,0.52,mg/L,,mg/L,8.0,mg/L,,NPM/100mL,0.0,mg/L,,,,,0.3,mg/L,0.0,mg/L,0.0,mg/L,0.0,mg/L,0.0,mg/L,0.0,mg/L,8.3,mg/L,,mg/L,0.0,mg/L,,,,9.0,mg/L,,,,,,,mg/L,25.4,°C,1.6,m,4.63,NTU,,,,,8.1,mg/L,0.0,mg/L,-18.478620867606217,-51.188607926708855
CLA-03,2019-07-10,8.0,mg/L,0.0,mg/L,0.0,mg/L,0.6,μg/L,0.0,mg/L,,,10.0,NMP/100mL,15.0,μS/cm,0.0,UC,0.3,mg/L,,mg/L,14.0,mg/L,,NPM/100mL,0.0,mg/L,,,,,0.0,mg/L,0.0,mg/L,0.0,mg/L,0.0,mg/L,0.0,mg/L,0.0,mg/L,7.0,mg/L,,mg/L,0.0,mg/L,,,,7.0,mg/L,,,,,,,mg/L,24.8,°C,0.6,m,3.88,NTU,,,,,8.4,mg/L,0.0,mg/L,-18.528218997966466,-51.15191904306638
CLA-04,2019-07-16,6.0,mg/L,0.0,mg/L,6.0,mg/L,0.8,μg/L,0.0,mg/L,,,0.0,NMP/100mL,19.0,μS/cm,0.0,UC,0.58,mg/L,,mg/L,8.0,mg/L,,NPM/100mL,0.06,mg/L,,,,,0.0,mg/L,0.01,mg/L,0.0,mg/L,0.0,mg/L,0.06,mg/L,0.0,mg/L,7.8,mg/L,,mg/L,0.0,mg/L,,,,9.0,mg/L,,,,,,,mg/L,21.9,°C,1.1,m,4.16,NTU,,,,,8.2,mg/L,0.0,mg/L,-18.554869066877227,-51.12675459317855
CLA-05,2019-07-16,18.0,mg/L,0.02,mg/L,230.0,mg/L,3.6,μg/L,0.0,mg/L,,,2120.0,NMP/100mL,580.0,μS/cm,30.0,UC,1.4,mg/L,,mg/L,18.0,mg/L,,NPM/100mL,0.63,mg/L,,,,,0.72,mg/L,0.0,mg/L,1.42,mg/L,0.06,mg/L,1.41,mg/L,0.0,mg/L,6.1,mg/L,,mg/L,4.85,mg/L,,,,6.1,mg/L,,,,,,,mg/L,23.6,°C,0.0,m,2.75,NTU,,,,,7.5,mg/L,1.1,mg/L,-18.55495622601502,-51.12622947820932
CLA-06,2019-07-16,12.0,mg/L,0.0,mg/L,2.0,mg/L,0.3,μg/L,0.0,mg/L,,,36.0,NMP/100mL,17.0,μS/cm,10.0,UC,0.65,mg/L,,mg/L,14.0,mg/L,,NPM/100mL,0.1,mg/L,,,,,0.58,mg/L,0.0,mg/L,0.2,mg/L,0.0,mg/L,0.04,mg/L,0.0,mg/L,8.35,mg/L,,mg/L,0.0,mg/L,,,,8.0,mg/L,,,,,,,mg/L,21.7,°C,1.4,m,3.99,NTU,,,,,7.85,mg/L,0.0,mg/L,-18.569842526616718,-51.10807692400981
CLA-06B,2019-07-16,12.0,mg/L,0.0,mg/L,6.0,mg/L,1.82,μg/L,0.0,mg/L,,,45.0,NMP/100mL,28.0,μS/cm,14.0,UC,0.72,mg/L,,mg/L,15.0,mg/L,,NPM/100mL,0.1,mg/L,,,,,0.47,mg/L,0.0,mg/L,0.22,mg/L,0.0,mg/L,0.0,mg/L,0.0,mg/L,5.0,mg/L,,mg/L,0.0,mg/L,,,,14.0,mg/L,,,,,,,mg/L,29.2,°C,0.6,m,18.0,NTU,,,,,7.78,mg/L,0.0,mg/L,-18.580416304138193,-51.10538491999489
CLA-07,2019-07-16,8.0,mg/L,0.0,mg/L,4.0,mg/L,0.8,μg/L,0.0,mg/L,,,4.0,NMP/100mL,20.0,μS/cm,8.0,UC,0.55,mg/L,,mg/L,12.0,mg/L,,NPM/100mL,0.14,mg/L,,,,,0.31,mg/L,0.07,mg/L,0.27,mg/L,0.0,mg/L,0.1,mg/L,0.0,mg/L,6.43,mg/L,,mg/L,0.0,mg/L,,,,10.0,mg/L,,,,,,,mg/L,21.0,°C,1.82,m,3.68,NTU,,,,,7.73,mg/L,0.0,mg/L,-18.64469238815568,-51.05218482324302
CLA-08,2019-07-16,4.0,mg/L,0.0,mg/L,2.0,mg/L,0.8,μg/L,0.0,mg/L,,,1.0,NMP/100mL,21.0,μS/cm,10.0,UC,0.62,mg/L,,mg/L,12.0,mg/L,,NPM/100mL,0.11,mg/L,,,,,0.2,mg/L,0.01,mg/L,0.1,mg/L,0.0,mg/L,0.0,mg/L,0.0,mg/L,5.2,mg/L,,mg/L,0.0,mg/L,,,,11.0,mg/L,,,,,,,mg/L,30.0,°C,1.6,m,20.0,NTU,,,,,8.32,mg/L,0.0,mg/L,-18.706763370925028,-51.008782838537705
CLA-08CS,2019-07-16,0.0,mg/L,0.0,mg/L,1.0,mg/L,0.9,μg/L,0.0,mg/L,,,2.0,NMP/100mL,19.0,μS/cm,12.0,UC,0.65,mg/L,,mg/L,8.0,mg/L,,NPM/100mL,0.0,mg/L,,,,,0.0,mg/L,0.0,mg/L,0.0,mg/L,0.0,mg/L,0.0,mg/L,0.0,mg/L,7.6,mg/L,,mg/L,0.0,mg/L,,,,9.0,mg/L,,,,,,,mg/L,22.1,°C,1.85,m,3.92,NTU,,,,,7.65,mg/L,0.0,mg/L,-18.658334892800493,-51.06757829218299
CLA-09,2019-07-16,2.0,mg/L,0.0,mg/L,0.0,mg/L,0.0,μg/L,0.0,mg/L,,,0.0,NMP/100mL,20.0,μS/cm,0.0,UC,0.23,mg/L,,mg/L,6.0,mg/L,,NPM/100mL,0.0,mg/L,,,,,0.0,mg/L,0.0,mg/L,0.0,mg/L,0.0,mg/L,0.0,mg/L,0.0,mg/L,8.2,mg/L,,mg/L,0.0,mg/L,,,,10.0,mg/L,,,,,,,mg/L,24.6,°C,0.0,m,3.25,NTU,,,,,7.8,mg/L,0.0,mg/L,-18.732783800131944,-51.003284514940056
CLA-ETE,2019-07-16,,mg/L,0.36,mg/L,30.0,mg/L,,μg/L,,mg/L,,,14300.0,NMP/100mL,88.0,μS/cm,,UC,43.0,mg/L,325.0,mg/L,,mg/L,,NPM/100mL,0.35,mg/L,,,,,1.17,mg/L,0.24,mg/L,0.54,mg/L,0.03,mg/L,1.2,mg/L,0.86,mg/L,4.2,mg/L,,mg/L,1.27,mg/L,0.91,mg/L,,44.0,mg/L,,9.0,mg/L,16.0,mg/L,26.0,mg/L,24.6,°C,,m,19.9,NTU,,,,,7.6,mg/L,3.5,mg/L,-18.567897827162238,-51.110681871352824
CLA-01,2019-10-05,10.0,mg/L,0.0,mg/L,4.0,mg/L,0.1,μg/L,0.0,mg/L,,,0.0,NMP/100mL,16.0,μS/cm,6.0,UC,0.7,mg/L,,mg/L,8.0,mg/L,,NPM/100mL,0.0,mg/L,,,,,0.0,mg/L,0.0,mg/L,0.0,mg/L,0.0,mg/L,0.0,mg/L,0.0,mg/L,6.2,mg/L,,mg/L,0.0,mg/L,,,,8.0,mg/L,,,,,,8.0,mg/L,31.4,°C,2.0,m,4.8,NTU,,,,,8.9,mg/L,0.0,mg/L,-18.40471469720768,-51.22287716980235
CLA-02,2019-10-05,8.0,mg/L,0.0,mg/L,5.0,mg/L,0.01,μg/L,0.0,mg/L,,,40.0,NMP/100mL,18.0,μS/cm,8.0,UC,0.7,mg/L,,mg/L,12.0,mg/L,,NPM/100mL,0.0,mg/L,,,,,0.0,mg/L,0.0,mg/L,0.0,mg/L,0.0,mg/L,0.0,mg/L,0.0,mg/L,5.8,mg/L,,mg/L,0.0,mg/L,,,,9.0,mg/L,,,,,,,mg/L,32.2,°C,2.1,m,5.15,NTU,,,,,8.6,mg/L,0.0,mg/L,-18.478620867606217,-51.188607926708855
CLA-03,2019-10-05,12.0,mg/L,0.01,mg/L,6.0,mg/L,0.0,μg/L,0.09,mg/L,,,110.0,NMP/100mL,20.0,μS/cm,10.0,UC,0.4,mg/L,,mg/L,12.0,mg/L,,NPM/100mL,0.1,mg/L,,,,,0.0,mg/L,0.1,mg/L,0.0,mg/L,0.001,mg/L,0.0,mg/L,0.0,mg/L,5.4,mg/L,,mg/L,0.0,mg/L,,,,10.0,mg/L,,,,,,,mg/L,31.6,°C,1.3,m,4.8,NTU,,,,,8.4,mg/L,0.0,mg/L,-18.528218997966466,-51.15191904306638
CLA-04,2019-10-05,12.0,mg/L,0.02,mg/L,5.0,mg/L,0.31,μg/L,0.1,mg/L,,,640.0,NMP/100mL,21.0,μS/cm,10.0,UC,0.64,mg/L,,mg/L,14.0,mg/L,,NPM/100mL,0.14,mg/L,,,,,0.0,mg/L,0.0,mg/L,0.0,mg/L,0.0,mg/L,0.11,mg/L,0.12,mg/L,5.6,mg/L,,mg/L,35.23,mg/L,,,,10.0,mg/L,,,,,,,mg/L,33.2,°C,1.4,m,4.4,NTU,,,,,9.0,mg/L,0.0,mg/L,-18.554869066877227,-51.12675459317855
CLA-05,2019-10-05,26.0,mg/L,0.09,mg/L,160.0,mg/L,3.06,μg/L,2.84,mg/L,,,0.0,NMP/100mL,496.0,μS/cm,70.0,UC,0.09,mg/L,,mg/L,22.0,mg/L,,NPM/100mL,0.45,mg/L,,,,,0.56,mg/L,0.08,mg/L,0.22,mg/L,0.038,mg/L,2.1,mg/L,2.1,mg/L,5.1,mg/L,,mg/L,250.0,mg/L,,,,252.0,mg/L,,,,,,,mg/L,32.1,°C,0.1,m,4.66,NTU,,,,,9.0,mg/L,0.0,mg/L,-18.55495622601502,-51.12622947820932
CLA-06,2019-10-05,14.0,mg/L,0.05,mg/L,10.0,mg/L,0.23,μg/L,1.03,mg/L,,,560.0,NMP/100mL,35.0,μS/cm,50.0,UC,1.81,mg/L,,mg/L,16.0,mg/L,,NPM/100mL,0.05,mg/L,,,,,0.0,mg/L,0.22,mg/L,0.08,mg/L,0.003,mg/L,0.0,mg/L,0.14,mg/L,5.0,mg/L,,mg/L,14.48,mg/L,,,,17.0,mg/L,,,,,,,mg/L,31.0,°C,1.86,m,6.75,NTU,,,,,9.0,mg/L,0.0,mg/L,-18.569842526616718,-51.10807692400981
CLA-06B,2019-10-05,10.0,mg/L,0.01,mg/L,10.0,mg/L,0.0,μg/L,2.49,mg/L,,,240.0,NMP/100mL,24.0,μS/cm,40.0,UC,1.5,mg/L,,mg/L,8.0,mg/L,,NPM/100mL,0.05,mg/L,,,,,0.12,mg/L,0.04,mg/L,0.02,mg/L,0.0,mg/L,0.0,mg/L,0.03,mg/L,5.2,mg/L,,mg/L,9.59,mg/L,,,,12.0,mg/L,,,,,,,mg/L,32.5,°C,1.78,m,3.81,NTU,,,,,9.0,mg/L,0.0,mg/L,-18.580416304138193,-51.10538491999489
CLA-07,2019-10-05,8.0,mg/L,0.02,mg/L,12.0,mg/L,0.0,μg/L,1.96,mg/L,,,80.0,NMP/100mL,23.0,μS/cm,30.0,UC,1.77,mg/L,,mg/L,6.0,mg/L,,NPM/100mL,0.0,mg/L,,,,,0.0,mg/L,0.0,mg/L,0.03,mg/L,0.002,mg/L,0.0,mg/L,1.9,mg/L,5.0,mg/L,,mg/L,14.36,mg/L,,,,11.0,mg/L,,,,,,,mg/L,33.2,°C,2.2,m,2.85,NTU,,,,,8.8,mg/L,0.0,mg/L,-18.64469238815568,-51.05218482324302
CLA-08,2019-10-05,10.0,mg/L,0.05,mg/L,16.0,mg/L,0.0,μg/L,1.36,mg/L,,,160.0,NMP/100mL,18.0,μS/cm,20.0,UC,0.27,mg/L,,mg/L,8.0,mg/L,,NPM/100mL,0.01,mg/L,,,,,0.258,mg/L,0.12,mg/L,0.0,mg/L,0.001,mg/L,0.01,mg/L,3.93,mg/L,5.0,mg/L,,mg/L,0.0,mg/L,,,,9.0,mg/L,,,,,,,mg/L,33.1,°C,1.6,m,2.36,NTU,,,,,8.5,mg/L,0.0,mg/L,-18.706763370925028,-51.008782838537705
CLA-08CS,2019-10-05,10.0,mg/L,0.1,mg/L,8.0,mg/L,0.0,μg/L,0.31,mg/L,,,110.0,NMP/100mL,20.0,μS/cm,20.0,UC,0.47,mg/L,,mg/L,12.0,mg/L,,NPM/100mL,0.0,mg/L,,,,,0.13,mg/L,0.1,mg/L,0.0,mg/L,0.001,mg/L,0.0,mg/L,0.01,mg/L,5.1,mg/L,,mg/L,0.0,mg/L,,,,10.0,mg/L,,,,,,,mg/L,32.7,°C,1.4,m,2.4,NTU,,,,,8.8,mg/L,0.0,mg/L,-18.658334892800493,-51.06757829218299
CLA-09,2019-10-05,8.0,mg/L,0.0,mg/L,12.0,mg/L,6.38,μg/L,0.21,mg/L,,,8.0,NMP/100mL,16.0,μS/cm,10.0,UC,0.36,mg/L,,mg/L,8.0,mg/L,,NPM/100mL,0.0,mg/L,,,,,0.0,mg/L,0.0,mg/L,0.01,mg/L,0.0,mg/L,0.0,mg/L,0.03,mg/L,5.0,mg/L,,mg/L,0.0,mg/L,,,,8.0,mg/L,,,,,,,mg/L,31.0,°C,0.2,m,1.1,NTU,,,,,8.5,mg/L,0.0,mg/L,-18.732783800131944,-51.003284514940056
CLA-ETE,2019-10-05,,mg/L,0.094,mg/L,30.0,mg/L,,μg/L,,mg/L,,,1000.0,NMP/100mL,42.0,μS/cm,,UC,1.9,mg/L,120.22,mg/L,,mg/L,,NPM/100mL,0.34,mg/L,,,,,0.78,mg/L,0.33,mg/L,0.58,mg/L,0.02,mg/L,0.78,mg/L,2.37,mg/L,5.3,mg/L,,mg/L,15.03,mg/L,0.0,mg/L,,21.0,mg/L,,0.1,mg/L,0.21,mg/L,21.35,mg/L,31.5,°C,,m,,NTU,,,,,9.6,mg/L,,mg/L,-18.567897827162238,-51.110681871352824
CLA-01,2020-01-02,8.0,mg/L,0.02,mg/L,2.0,mg/L,0.1,μg/L,0.06,mg/L,,,42.0,NMP/100mL,16.0,μS/cm,12.0,UC,0.2,mg/L,59.4,mg/L,8.0,mg/L,8.0,NPM/100mL,0.01,mg/L,,,,,0.204,mg/L,0.05,mg/L,1.3,mg/L,0.014,mg/L,0.01,mg/L,1.33,mg/L,5.1,mg/L,,mg/L,0.01,mg/L,,,,8.0,mg/L,,,,,,,mg/L,27.2,°C,0.5,m,16.68,NTU,,,,,8.3,mg/L,0.0,mg/L,-18.40471469720768,-51.22287716980235
CLA-02,2020-01-02,8.0,mg/L,0.06,mg/L,4.0,mg/L,0.1,μg/L,0.11,mg/L,,,48.0,NMP/100mL,14.0,μS/cm,16.0,UC,0.7,mg/L,110.2,mg/L,8.0,mg/L,16.0,NPM/100mL,0.25,mg/L,,,,,0.432,mg/L,0.21,mg/L,1.65,mg/L,0.03,mg/L,1.71,mg/L,1.71,mg/L,5.1,mg/L,,mg/L,0.01,mg/L,,,,7.0,mg/L,,,,,,,mg/L,28.3,°C,0.6,m,15.04,NTU,,,,,8.5,mg/L,0.0,mg/L,-18.478620867606217,-51.188607926708855
CLA-03,2020-01-02,8.0,mg/L,0.06,mg/L,4.0,mg/L,0.1,μg/L,0.36,mg/L,,,10.0,NMP/100mL,15.0,μS/cm,110.0,UC,0.4,mg/L,311.61,mg/L,6.0,mg/L,4.0,NPM/100mL,0.73,mg/L,,,,,0.718,mg/L,0.19,mg/L,1.06,mg/L,0.049,mg/L,0.0,mg/L,1.12,mg/L,8.0,mg/L,,mg/L,0.01,mg/L,,,,7.0,mg/L,,,,,,,mg/L,28.8,°C,0.7,m,14.06,NTU,,,,,9.0,mg/L,0.0,mg/L,-18.528218997966466,-51.15191904306638
CLA-04,2020-01-02,12.0,mg/L,0.14,mg/L,8.0,mg/L,0.01,μg/L,1.31,mg/L,,,165.0,NMP/100mL,14.0,μS/cm,140.0,UC,0.64,mg/L,340.23,mg/L,8.0,mg/L,21.0,NPM/100mL,0.59,mg/L,,,,,0.482,mg/L,0.3,mg/L,1.59,mg/L,0.055,mg/L,0.05,mg/L,1.59,mg/L,5.1,mg/L,,mg/L,0.01,mg/L,,,,7.0,mg/L,,,,,,,mg/L,27.0,°C,0.2,m,31.08,NTU,,,,,9.2,mg/L,0.0,mg/L,-18.554869066877227,-51.12675459317855
CLA-05,2020-01-02,18.0,mg/L,0.07,mg/L,32.0,mg/L,0.01,μg/L,1.73,mg/L,,,15000.0,NMP/100mL,56.0,μS/cm,150.0,UC,1.81,mg/L,512.57,mg/L,12.0,mg/L,158.0,NPM/100mL,3.26,mg/L,,,,,0.697,mg/L,0.86,mg/L,0.72,mg/L,0.054,mg/L,0.04,mg/L,0.81,mg/L,4.8,mg/L,,mg/L,21.76,mg/L,,,,28.0,mg/L,,,,,,,mg/L,27.6,°C,0.2,m,12.72,NTU,,,,,9.5,mg/L,0.0,mg/L,-18.55495622601502,-51.12622947820932
CLA-06,2020-01-02,14.0,mg/L,0.09,mg/L,8.0,mg/L,0.01,μg/L,0.45,mg/L,,,461.0,NMP/100mL,15.0,μS/cm,70.0,UC,1.93,mg/L,410.13,mg/L,12.0,mg/L,52.0,NPM/100mL,0.72,mg/L,,,,,0.158,mg/L,0.32,mg/L,0.89,mg/L,0.039,mg/L,0.05,mg/L,0.98,mg/L,5.0,mg/L,,mg/L,1.97,mg/L,,,,8.0,mg/L,,,,,,,mg/L,27.6,°C,27.6,m,29.27,NTU,,,,,9.2,mg/L,0.0,mg/L,-18.569842526616718,-51.10807692400981
CLA-06B,2020-01-02,12.0,mg/L,0.03,mg/L,12.0,mg/L,0.01,μg/L,1.18,mg/L,,,180.0,NMP/100mL,15.0,μS/cm,150.0,UC,1.8,mg/L,389.21,mg/L,8.0,mg/L,36.0,NPM/100mL,0.21,mg/L,,,,,0.176,mg/L,0.36,mg/L,0.76,mg/L,0.02,mg/L,0.05,mg/L,0.83,mg/L,5.0,mg/L,,mg/L,1.22,mg/L,,,,7.0,mg/L,,,,,,,mg/L,27.8,°C,0.8,m,24.0,NTU,,,,,9.1,mg/L,0.0,mg/L,-18.580416304138193,-51.10538491999489
CLA-07,2020-01-02,12.0,mg/L,0.93,mg/L,12.0,mg/L,0.01,μg/L,1.28,mg/L,,,132.0,NMP/100mL,18.0,μS/cm,120.0,UC,1.77,mg/L,271.92,mg/L,8.0,mg/L,18.0,NPM/100mL,0.37,mg/L,,,,,0.378,mg/L,0.16,mg/L,0.7,mg/L,0.02,mg/L,0.03,mg/L,0.05,mg/L,5.0,mg/L,,mg/L,0.01,mg/L,,,,9.0,mg/L,,,,,,,mg/L,29.4,°C,0.4,m,18.86,NTU,,,,,9.0,mg/L,0.0,mg/L,-18.64469238815568,-51.05218482324302
CLA-08,2020-01-02,8.0,mg/L,0.03,mg/L,16.0,mg/L,0.01,μg/L,1.2,mg/L,,,145.0,NMP/100mL,5.0,μS/cm,50.0,UC,0.27,mg/L,379.69,mg/L,6.0,mg/L,22.0,NPM/100mL,0.33,mg/L,,,,,0.001,mg/L,0.23,mg/L,0.48,mg/L,0.013,mg/L,0.0,mg/L,0.49,mg/L,5.0,mg/L,,mg/L,0.01,mg/L,,,,3.0,mg/L,,,,,,,mg/L,28.5,°C,0.8,m,7.08,NTU,,,,,9.3,mg/L,0.0,mg/L,-18.706763370925028,-51.008782838537705
CLA-08CS,2020-01-02,8.0,mg/L,0.03,mg/L,16.0,mg/L,0.01,μg/L,1.2,mg/L,,,145.0,NMP/100mL,5.0,μS/cm,50.0,UC,0.27,mg/L,379.69,mg/L,6.0,mg/L,22.0,NPM/100mL,0.33,mg/L,,,,,0.001,mg/L,0.23,mg/L,0.48,mg/L,0.013,mg/L,0.0,mg/L,0.49,mg/L,5.0,mg/L,,mg/L,0.01,mg/L,,,,3.0,mg/L,,,,,,,mg/L,25.8,°C,0.8,m,7.08,NTU,,,,,9.3,mg/L,0.0,mg/L,-18.658334892800493,-51.06757829218299
CLA-09,2020-01-02,6.0,mg/L,0.01,mg/L,14.0,mg/L,0.01,μg/L,0.02,mg/L,,,10.0,NMP/100mL,12.0,μS/cm,20.0,UC,0.36,mg/L,196.45,mg/L,2.0,mg/L,2.0,NPM/100mL,0.02,mg/L,,,,,0.001,mg/L,0.1,mg/L,0.21,mg/L,0.004,mg/L,0.0,mg/L,0.22,mg/L,5.4,mg/L,,mg/L,0.01,mg/L,,,,6.0,mg/L,,,,,,,mg/L,27.2,°C,0.2,m,7.02,NTU,,,,,8.9,mg/L,0.0,mg/L,-18.732783800131944,-51.003284514940056
CLA-ETE,2020-01-02,26.0,mg/L,0.42,mg/L,44.0,mg/L,2.3,μg/L,0.26,mg/L,,,16000.0,NMP/100mL,72.0,μS/cm,170.0,UC,2.9,mg/L,508.95,mg/L,16.0,mg/L,480.0,NPM/100mL,2.99,mg/L,,,,,2.195,mg/L,1.65,mg/L,3.71,mg/L,0.229,mg/L,0.09,mg/L,4.03,mg/L,5.4,mg/L,,mg/L,3.62,mg/L,,mg/L,,6.0,mg/L,,,mg/L,,mg/L,,mg/L,27.2,°C,,m,146.2,NTU,,,,,9.9,mg/L,0.0,mg/L,-18.567897827162238,-51.110681871352824
CLA-01,2020-04-01,6.0,mg/L,0.012,mg/L,0.0,mg/L,0.001,μg/L,0.001,mg/L,,,8.0,NMP/100mL,22.0,μS/cm,80.0,UC,0.52,mg/L,58.8,mg/L,18.0,mg/L,0.0,NPM/100mL,0.12,mg/L,,,,,0.281,mg/L,0.001,mg/L,0.0,mg/L,0.0,mg/L,0.0,mg/L,,mg/L,5.0,mg/L,,mg/L,12.0,mg/L,,,,11.0,mg/L,,,,,,,mg/L,27.8,°C,,m,17.78,NTU,,,,,8.5,mg/L,0.0,mg/L,-18.40471469720768,-51.22287716980235
CLA-02,2020-04-01,12.0,mg/L,0.02,mg/L,0.0,mg/L,0.001,μg/L,0.001,mg/L,,,8.0,NMP/100mL,24.0,μS/cm,120.0,UC,0.64,mg/L,112.5,mg/L,16.0,mg/L,0.0,NPM/100mL,0.154,mg/L,,,,,0.728,mg/L,0.1,mg/L,0.035,mg/L,0.0,mg/L,0.0,mg/L,,mg/L,5.3,mg/L,,mg/L,12.0,mg/L,,,,12.0,mg/L,,,,,,,mg/L,28.2,°C,,m,12.05,NTU,,,,,8.6,mg/L,0.0,mg/L,-18.478620867606217,-51.188607926708855
CLA-03,2020-04-01,16.0,mg/L,0.039,mg/L,2.0,mg/L,0.001,μg/L,0.001,mg/L,,,12.0,NMP/100mL,22.0,μS/cm,120.0,UC,0.31,mg/L,317.5,mg/L,20.0,mg/L,2.0,NPM/100mL,0.101,mg/L,,,,,0.19,mg/L,0.09,mg/L,0.014,mg/L,0.0,mg/L,0.0,mg/L,,mg/L,5.0,mg/L,,mg/L,8.0,mg/L,,,,11.0,mg/L,,,,,,,mg/L,28.9,°C,,m,10.92,NTU,,,,,8.7,mg/L,0.0,mg/L,-18.528218997966466,-51.15191904306638
CLA-04,2020-04-01,8.0,mg/L,0.146,mg/L,8.0,mg/L,0.001,μg/L,0.001,mg/L,,,214.0,NMP/100mL,17.0,μS/cm,180.0,UC,0.64,mg/L,338.24,mg/L,26.0,mg/L,8.0,NPM/100mL,0.662,mg/L,,,,,1.238,mg/L,0.04,mg/L,0.129,mg/L,0.005,mg/L,0.07,mg/L,,mg/L,5.0,mg/L,,mg/L,12.0,mg/L,,,,1.0,mg/L,,,,,,,mg/L,26.2,°C,,m,56.01,NTU,,,,,8.0,mg/L,0.0,mg/L,-18.554869066877227,-51.12675459317855
CLA-05,2020-04-01,12.0,mg/L,0.065,mg/L,210.0,mg/L,0.53,μg/L,0.001,mg/L,,,15000.0,NMP/100mL,38.0,μS/cm,210.0,UC,2.25,mg/L,562.37,mg/L,40.0,mg/L,210.0,NPM/100mL,0.584,mg/L,,,,,0.693,mg/L,0.681,mg/L,0.042,mg/L,0.022,mg/L,0.799,mg/L,,mg/L,5.0,mg/L,,mg/L,64.0,mg/L,,,,19.0,mg/L,,,,,,,mg/L,26.2,°C,,m,7.4,NTU,,,,,8.0,mg/L,0.0,mg/L,-18.55495622601502,-51.12622947820932
CLA-06,2020-04-01,8.0,mg/L,0.131,mg/L,16.0,mg/L,0.001,μg/L,0.001,mg/L,,,412.0,NMP/100mL,17.0,μS/cm,190.0,UC,1.82,mg/L,418.26,mg/L,16.0,mg/L,16.0,NPM/100mL,0.535,mg/L,,,,,1.618,mg/L,0.241,mg/L,0.135,mg/L,0.012,mg/L,0.0,mg/L,,mg/L,5.0,mg/L,,mg/L,12.0,mg/L,,,,8.0,mg/L,,,,,,,mg/L,27.2,°C,,m,53.84,NTU,,,,,8.8,mg/L,0.0,mg/L,-18.569842526616718,-51.10807692400981
CLA-06B,2020-04-01,12.0,mg/L,0.05,mg/L,48.0,mg/L,0.78,μg/L,0.023,mg/L,,,386.0,NMP/100mL,18.0,μS/cm,210.0,UC,1.88,mg/L,325.21,mg/L,16.0,mg/L,48.0,NPM/100mL,0.219,mg/L,,,,,0.444,mg/L,0.21,mg/L,0.063,mg/L,0.0,mg/L,0.0,mg/L,,mg/L,5.0,mg/L,,mg/L,12.0,mg/L,,,,9.0,mg/L,,,,,,,mg/L,27.5,°C,,m,17.92,NTU,,,,,8.9,mg/L,0.0,mg/L,-18.580416304138193,-51.10538491999489
CLA-07,2020-04-01,8.0,mg/L,0.055,mg/L,25.0,mg/L,0.001,μg/L,0.001,mg/L,,,141.0,NMP/100mL,20.0,μS/cm,140.0,UC,1.1,mg/L,236.97,mg/L,20.0,mg/L,25.0,NPM/100mL,0.262,mg/L,,,,,0.336,mg/L,0.01,mg/L,0.026,mg/L,0.0,mg/L,0.0,mg/L,,mg/L,5.0,mg/L,,mg/L,8.0,mg/L,,,,10.0,mg/L,,,,,,,mg/L,27.2,°C,,m,12.04,NTU,,,,,9.0,mg/L,0.0,mg/L,-18.64469238815568,-51.05218482324302
CLA-08,2020-04-01,12.0,mg/L,0.061,mg/L,16.0,mg/L,0.001,μg/L,0.001,mg/L,,,54.0,NMP/100mL,20.0,μS/cm,130.0,UC,0.64,mg/L,311.41,mg/L,14.0,mg/L,16.0,NPM/100mL,0.098,mg/L,,,,,0.008,mg/L,0.152,mg/L,0.0,mg/L,0.0,mg/L,0.0,mg/L,,mg/L,5.0,mg/L,,mg/L,8.0,mg/L,,,,10.0,mg/L,,,,,,,mg/L,26.2,°C,,m,9.82,NTU,,,,,8.9,mg/L,0.0,mg/L,-18.706763370925028,-51.008782838537705
CLA-08CS,2020-04-01,16.0,mg/L,0.001,mg/L,0.0,mg/L,0.001,μg/L,0.001,mg/L,,,6.0,NMP/100mL,19.0,μS/cm,110.0,UC,0.41,mg/L,244.16,mg/L,14.0,mg/L,0.0,NPM/100mL,0.122,mg/L,,,,,0.219,mg/L,0.173,mg/L,0.0,mg/L,0.0,mg/L,0.0,mg/L,,mg/L,5.1,mg/L,,mg/L,8.0,mg/L,,,,9.0,mg/L,,,,,,,mg/L,27.2,°C,,m,9.12,NTU,,,,,9.0,mg/L,0.0,mg/L,-18.658334892800493,-51.06757829218299
CLA-09,2020-04-01,12.0,mg/L,0.001,mg/L,0.0,mg/L,0.001,μg/L,0.001,mg/L,,,2.0,NMP/100mL,18.0,μS/cm,100.0,UC,0.32,mg/L,176.13,mg/L,12.0,mg/L,0.0,NPM/100mL,0.126,mg/L,,,,,0.089,mg/L,0.121,mg/L,0.0,mg/L,0.0,mg/L,0.0,mg/L,,mg/L,5.3,mg/L,,mg/L,8.0,mg/L,,,,9.0,mg/L,,,,,,,mg/L,27.8,°C,,m,9.78,NTU,,,,,8.5,mg/L,0.0,mg/L,-18.732783800131944,-51.003284514940056
CLA-ETE,2020-04-01,12.0,mg/L,0.15,mg/L,500.0,mg/L,,μg/L,0.001,mg/L,,,15000.0,NMP/100mL,42.0,μS/cm,200.0,UC,3.42,mg/L,595.88,mg/L,14.0,mg/L,500.0,NPM/100mL,0.825,mg/L,,,,,0.862,mg/L,1.284,mg/L,0.093,mg/L,0.019,mg/L,0.645,mg/L,,mg/L,4.5,mg/L,,mg/L,16.0,mg/L,,mg/L,,24.0,mg/L,,,mg/L,,mg/L,,mg/L,27.9,°C,,m,37.22,NTU,,,,,9.0,mg/L,0.0,mg/L,-18.567897827162238,-51.110681871352824
CLA-01,2020-07-15,8.0,mg/L,0.001,mg/L,4.0,mg/L,0.4,μg/L,0.001,mg/L,,,640.0,NMP/100mL,15.0,μS/cm,22.0,UC,0.98,mg/L,16.23,mg/L,8.0,mg/L,0.0,NPM/100mL,0.1,mg/L,,,,,0.1,mg/L,0.001,mg/L,0.16,mg/L,0.001,mg/L,0.012,mg/L,0.12,mg/L,5.4,mg/L,,mg/L,0.001,mg/L,,,,7.0,mg/L,,,,,,7.0,mg/L,21.2,°C,1.6,m,1.86,NTU,,,,,8.0,mg/L,0.0,mg/L,-18.40471469720768,-51.22287716980235
CLA-02,2020-07-15,8.0,mg/L,0.001,mg/L,6.0,mg/L,0.55,μg/L,0.002,mg/L,,,790.0,NMP/100mL,12.0,μS/cm,21.0,UC,1.12,mg/L,12.1,mg/L,8.0,mg/L,0.0,NPM/100mL,0.12,mg/L,,,,,0.21,mg/L,0.001,mg/L,0.1,mg/L,0.001,mg/L,0.021,mg/L,0.38,mg/L,5.2,mg/L,,mg/L,0.0,mg/L,,,,6.0,mg/L,,,,,,,mg/L,20.6,°C,1.5,m,2.12,NTU,,,,,8.0,mg/L,0.0,mg/L,-18.478620867606217,-51.188607926708855
CLA-03,2020-07-15,6.0,mg/L,0.002,mg/L,6.0,mg/L,0.38,μg/L,0.001,mg/L,,,650.0,NMP/100mL,17.0,μS/cm,18.0,UC,1.05,mg/L,31.16,mg/L,6.0,mg/L,0.0,NPM/100mL,0.21,mg/L,,,,,0.11,mg/L,0.002,mg/L,0.11,mg/L,0.012,mg/L,0.004,mg/L,0.03,mg/L,5.1,mg/L,,mg/L,0.001,mg/L,,,,8.0,mg/L,,,,,,,mg/L,22.3,°C,1.8,m,2.35,NTU,,,,,9.0,mg/L,0.0,mg/L,-18.528218997966466,-51.15191904306638
CLA-04,2020-07-15,6.0,mg/L,0.001,mg/L,4.0,mg/L,0.7,μg/L,0.002,mg/L,,,800.0,NMP/100mL,20.0,μS/cm,20.0,UC,2.23,mg/L,31.621,mg/L,8.0,mg/L,0.0,NPM/100mL,0.105,mg/L,,,,,0.13,mg/L,0.101,mg/L,0.1,mg/L,0.1,mg/L,0.001,mg/L,0.032,mg/L,5.2,mg/L,,mg/L,0.0,mg/L,,,,10.0,mg/L,,,,,,,mg/L,22.6,°C,1.6,m,3.05,NTU,,,,,9.0,mg/L,0.0,mg/L,-18.554869066877227,-51.12675459317855
CLA-05,2020-07-15,12.0,mg/L,0.025,mg/L,12.0,mg/L,1.0,μg/L,0.006,mg/L,,,15000.0,NMP/100mL,36.0,μS/cm,20.0,UC,3.52,mg/L,62.37,mg/L,8.0,mg/L,0.0,NPM/100mL,0.146,mg/L,,,,,0.371,mg/L,0.1,mg/L,0.12,mg/L,0.11,mg/L,0.032,mg/L,0.021,mg/L,5.3,mg/L,,mg/L,1.203,mg/L,,,,18.0,mg/L,,,,,,,mg/L,22.5,°C,0.2,m,2.69,NTU,,,,,8.5,mg/L,0.0,mg/L,-18.55495622601502,-51.12622947820932
CLA-06,2020-07-15,16.0,mg/L,0.001,mg/L,12.0,mg/L,0.45,μg/L,0.003,mg/L,,,1120.0,NMP/100mL,17.0,μS/cm,30.0,UC,1.84,mg/L,31.05,mg/L,14.0,mg/L,0.0,NPM/100mL,0.027,mg/L,,,,,0.158,mg/L,0.21,mg/L,0.001,mg/L,0.001,mg/L,0.023,mg/L,0.421,mg/L,5.0,mg/L,,mg/L,1.74,mg/L,,,,9.0,mg/L,,,,,,,mg/L,22.2,°C,1.8,m,3.43,NTU,,,,,9.0,mg/L,0.0,mg/L,-18.569842526616718,-51.10807692400981
CLA-06B,2020-07-15,16.0,mg/L,0.001,mg/L,8.0,mg/L,0.5,μg/L,0.002,mg/L,,,3840.0,NMP/100mL,18.0,μS/cm,10.0,UC,1.56,mg/L,28.77,mg/L,12.0,mg/L,0.0,NPM/100mL,0.092,mg/L,,,,,0.161,mg/L,0.1,mg/L,0.003,mg/L,0.003,mg/L,0.02,mg/L,0.0361,mg/L,5.1,mg/L,,mg/L,1.1,mg/L,,,,9.0,mg/L,,,,,,,mg/L,22.1,°C,1.6,m,1.76,NTU,,,,,8.5,mg/L,0.0,mg/L,-18.580416304138193,-51.10538491999489
CLA-07,2020-07-15,14.0,mg/L,0.001,mg/L,14.0,mg/L,0.48,μg/L,0.002,mg/L,,,2486.0,NMP/100mL,20.0,μS/cm,22.0,UC,1.48,mg/L,15.82,mg/L,8.0,mg/L,0.0,NPM/100mL,0.076,mg/L,,,,,0.378,mg/L,0.122,mg/L,0.005,mg/L,0.004,mg/L,0.016,mg/L,0.0371,mg/L,5.2,mg/L,,mg/L,0.001,mg/L,,,,10.0,mg/L,,,,,,,mg/L,22.5,°C,1.8,m,2.64,NTU,,,,,8.7,mg/L,0.0,mg/L,-18.64469238815568,-51.05218482324302
CLA-08,2020-07-15,8.0,mg/L,0.002,mg/L,12.0,mg/L,0.6,μg/L,0.003,mg/L,,,840.0,NMP/100mL,18.0,μS/cm,25.0,UC,1.36,mg/L,26.9,mg/L,8.0,mg/L,0.0,NPM/100mL,0.049,mg/L,,,,,0.001,mg/L,0.138,mg/L,0.001,mg/L,0.002,mg/L,0.012,mg/L,0.4121,mg/L,5.4,mg/L,,mg/L,0.001,mg/L,,,,9.0,mg/L,,,,,,,mg/L,22.6,°C,1.6,m,3.16,NTU,,,,,8.2,mg/L,0.0,mg/L,-18.706763370925028,-51.008782838537705
CLA-08CS,2020-07-15,8.0,mg/L,0.003,mg/L,12.0,mg/L,0.72,μg/L,0.002,mg/L,,,512.0,NMP/100mL,16.0,μS/cm,30.0,UC,1.28,mg/L,20.15,mg/L,8.0,mg/L,0.0,NPM/100mL,0.072,mg/L,,,,,0.001,mg/L,0.152,mg/L,0.001,mg/L,0.004,mg/L,0.011,mg/L,0.5514,mg/L,5.3,mg/L,,mg/L,0.003,mg/L,,,,8.0,mg/L,,,,,,,mg/L,22.8,°C,1.8,m,3.46,NTU,,,,,8.0,mg/L,0.0,mg/L,-18.658334892800493,-51.06757829218299
CLA-09,2020-07-15,4.0,mg/L,0.001,mg/L,16.0,mg/L,0.5,μg/L,0.016,mg/L,,,250.0,NMP/100mL,12.0,μS/cm,20.0,UC,1.142,mg/L,10.34,mg/L,12.0,mg/L,0.0,NPM/100mL,0.001,mg/L,,,,,0.001,mg/L,0.1,mg/L,0.001,mg/L,0.001,mg/L,0.001,mg/L,0.2,mg/L,5.5,mg/L,,mg/L,,mg/L,,,,6.0,mg/L,,,,,,,mg/L,22.7,°C,4.0,m,2.89,NTU,,,,,8.6,mg/L,0.0,mg/L,-18.732783800131944,-51.003284514940056
CLA-ETE,2020-07-15,18.0,mg/L,0.101,mg/L,22.0,mg/L,1.16,μg/L,1.47,mg/L,,,15000.0,NMP/100mL,38.0,μS/cm,50.0,UC,4.158,mg/L,69.79,mg/L,8.0,mg/L,0.0,NPM/100mL,0.599,mg/L,,,,,0.163,mg/L,0.472,mg/L,0.281,mg/L,0.008,mg/L,0.021,mg/L,0.631,mg/L,5.0,mg/L,,mg/L,1.57,mg/L,,mg/L,,19.0,mg/L,,,mg/L,,mg/L,,mg/L,22.6,°C,0.8,m,20.24,NTU,,,,,8.6,mg/L,0.0,mg/L,-18.567897827162238,-51.110681871352824
CLA-01,2020-10-07,11.0,mg/L,0.001,mg/L,6.0,mg/L,2.1,μg/L,0.001,mg/L,,,370.0,NMP/100mL,18.0,μS/cm,24.0,UC,1.35,mg/L,14.33,mg/L,12.0,mg/L,114.0,NPM/100mL,0.003,mg/L,,,,,0.03,mg/L,0.002,mg/L,0.25,mg/L,0.001,mg/L,0.012,mg/L,0.264,mg/L,5.8,mg/L,,mg/L,4.01,mg/L,,,,9.0,mg/L,,,,,,,mg/L,28.6,°C,1.2,m,1.45,NTU,,,,,6.5,mg/L,0.0,mg/L,-18.40471469720768,-51.22287716980235
CLA-02,2020-10-07,12.0,mg/L,0.001,mg/L,8.0,mg/L,2.34,μg/L,0.001,mg/L,,,768.0,NMP/100mL,16.0,μS/cm,24.0,UC,1.42,mg/L,13.26,mg/L,13.0,mg/L,88.0,NPM/100mL,0.002,mg/L,,,,,0.02,mg/L,0.001,mg/L,0.2,mg/L,0.001,mg/L,0.021,mg/L,0.223,mg/L,5.6,mg/L,,mg/L,4.0,mg/L,,,,8.0,mg/L,,,,,,,mg/L,28.4,°C,2.4,m,2.15,NTU,,,,,6.8,mg/L,0.0,mg/L,-18.478620867606217,-51.188607926708855
CLA-03,2020-10-07,14.0,mg/L,0.002,mg/L,7.0,mg/L,2.41,μg/L,0.001,mg/L,,,410.0,NMP/100mL,14.0,μS/cm,25.0,UC,1.53,mg/L,12.84,mg/L,14.0,mg/L,76.0,NPM/100mL,0.002,mg/L,,,,,0.02,mg/L,0.002,mg/L,0.23,mg/L,0.001,mg/L,0.004,mg/L,0.234,mg/L,5.6,mg/L,,mg/L,5.0,mg/L,,,,7.0,mg/L,,,,,,,mg/L,28.5,°C,2.0,m,2.21,NTU,,,,,6.2,mg/L,0.0,mg/L,-18.528218997966466,-51.15191904306638
CLA-04,2020-10-07,8.0,mg/L,0.04,mg/L,6.0,mg/L,2.85,μg/L,0.001,mg/L,,,440.0,NMP/100mL,22.0,μS/cm,28.0,UC,2.42,mg/L,21.07,mg/L,10.0,mg/L,41.0,NPM/100mL,0.03,mg/L,,,,,0.47,mg/L,0.001,mg/L,0.11,mg/L,0.001,mg/L,0.001,mg/L,0.115,mg/L,5.3,mg/L,,mg/L,0.18,mg/L,,,,11.0,mg/L,,,,,,,mg/L,28.9,°C,2.2,m,2.54,NTU,,,,,7.3,mg/L,0.0,mg/L,-18.554869066877227,-51.12675459317855
CLA-05,2020-10-07,16.0,mg/L,0.001,mg/L,14.0,mg/L,1.5,μg/L,0.008,mg/L,,,10000.0,NMP/100mL,41.0,μS/cm,26.0,UC,3.65,mg/L,65.36,mg/L,12.0,mg/L,210.0,NPM/100mL,0.82,mg/L,,,,,3.7,mg/L,0.11,mg/L,0.33,mg/L,0.005,mg/L,0.032,mg/L,0.371,mg/L,5.7,mg/L,,mg/L,,mg/L,,,,22.0,mg/L,,,,,,,mg/L,29.3,°C,0.1,m,2.54,NTU,,,,,7.6,mg/L,0.0,mg/L,-18.55495622601502,-51.12622947820932
CLA-06,2020-10-07,14.0,mg/L,0.001,mg/L,16.0,mg/L,1.59,μg/L,0.007,mg/L,,,1400.0,NMP/100mL,18.0,μS/cm,32.0,UC,1.3,mg/L,41.63,mg/L,16.0,mg/L,112.0,NPM/100mL,0.03,mg/L,,,,,0.33,mg/L,0.1,mg/L,0.001,mg/L,0.001,mg/L,0.023,mg/L,0.027,mg/L,5.4,mg/L,,mg/L,26.1,mg/L,,,,9.0,mg/L,,,,,,,mg/L,29.2,°C,2.0,m,2.48,NTU,,,,,7.8,mg/L,0.0,mg/L,-18.569842526616718,-51.10807692400981
CLA-06B,2020-10-07,12.0,mg/L,0.001,mg/L,12.0,mg/L,5.2,μg/L,0.008,mg/L,,,1000.0,NMP/100mL,21.0,μS/cm,15.0,UC,1.32,mg/L,31.0,mg/L,14.0,mg/L,85.0,NPM/100mL,0.06,mg/L,,,,,0.33,mg/L,0.1,mg/L,0.001,mg/L,0.001,mg/L,0.02,mg/L,0.023,mg/L,5.6,mg/L,,mg/L,14.32,mg/L,,,,10.0,mg/L,,,,,,,mg/L,28.7,°C,2.1,m,2.36,NTU,,,,,7.6,mg/L,0.0,mg/L,-18.580416304138193,-51.10538491999489
CLA-07,2020-10-07,6.0,mg/L,0.001,mg/L,16.0,mg/L,4.5,μg/L,0.003,mg/L,,,830.0,NMP/100mL,26.0,μS/cm,14.0,UC,1.35,mg/L,14.22,mg/L,12.0,mg/L,72.0,NPM/100mL,0.001,mg/L,,,,,0.57,mg/L,0.112,mg/L,0.001,mg/L,0.001,mg/L,0.016,mg/L,0.019,mg/L,5.4,mg/L,,mg/L,8.32,mg/L,,,,10.0,mg/L,,,,,,,mg/L,28.5,°C,2.1,m,2.12,NTU,,,,,8.1,mg/L,0.0,mg/L,-18.64469238815568,-51.05218482324302
CLA-08,2020-10-07,14.0,mg/L,0.001,mg/L,10.0,mg/L,1.74,μg/L,0.005,mg/L,,,810.0,NMP/100mL,21.0,μS/cm,20.0,UC,1.12,mg/L,17.96,mg/L,10.0,mg/L,68.0,NPM/100mL,0.001,mg/L,,,,,0.33,mg/L,0.098,mg/L,0.001,mg/L,0.001,mg/L,0.012,mg/L,0.016,mg/L,5.8,mg/L,,mg/L,4.63,mg/L,,,,9.0,mg/L,,,,,,,mg/L,28.8,°C,1.6,m,2.84,NTU,,,,,8.0,mg/L,0.0,mg/L,-18.706763370925028,-51.008782838537705
CLA-08CS,2020-10-14,4.0,mg/L,0.001,mg/L,12.0,mg/L,1.29,μg/L,0.006,mg/L,,,630.0,NMP/100mL,18.0,μS/cm,26.0,UC,1.34,mg/L,18.32,mg/L,14.0,mg/L,43.0,NPM/100mL,0.23,mg/L,,,,,0.52,mg/L,0.084,mg/L,0.04,mg/L,0.001,mg/L,0.011,mg/L,0.053,mg/L,5.9,mg/L,,mg/L,3.82,mg/L,,,,9.0,mg/L,,,,,,,mg/L,27.9,°C,1.4,m,2.45,NTU,,,,,8.0,mg/L,0.0,mg/L,-18.658334892800493,-51.06757829218299
CLA-09,2020-10-15,6.0,mg/L,0.0001,mg/L,14.0,mg/L,1.3,μg/L,0.002,mg/L,,,421.0,NMP/100mL,16.0,μS/cm,23.0,UC,1.1,mg/L,10.13,mg/L,10.0,mg/L,45.0,NPM/100mL,0.001,mg/L,,,,,0.26,mg/L,0.1,mg/L,0.001,mg/L,0.001,mg/L,0.001,mg/L,0.004,mg/L,6.1,mg/L,,mg/L,0.008,mg/L,,,,8.0,mg/L,,,,,,,mg/L,28.4,°C,0.6,m,2.72,NTU,,,,,7.7,mg/L,0.0,mg/L,-18.732783800131944,-51.003284514940056
CLA-ETE,2020-10-14,16.0,mg/L,0.1,mg/L,28.6,mg/L,3.41,μg/L,0.01,mg/L,,,10000.0,NMP/100mL,46.0,μS/cm,48.0,UC,5.67,mg/L,68.84,mg/L,12.0,mg/L,320.0,NPM/100mL,0.08,mg/L,,,,,0.75,mg/L,0.12,mg/L,0.42,mg/L,0.008,mg/L,0.021,mg/L,0.451,mg/L,5.0,mg/L,,mg/L,18.36,mg/L,,mg/L,,23.0,mg/L,,,mg/L,,mg/L,23.0,mg/L,29.5,°C,0.6,m,2.84,NTU,,,,,8.5,mg/L,0.0,mg/L,-18.567897827162238,-51.110681871352824
CLA-01,2021-10-03,8.5,mg/L,0.06,mg/L,0.93,mg/L,1.34,μg/L,0.008,mg/L,,,1730.0,NMP/100mL,24.8,μS/cm,3.0,UC,2.13,mg/L,20.0,mg/L,17.5,mg/L,4.1,NPM/100mL,0.19,mg/L,,,,,0.01,mg/L,0.03,mg/L,0.26,mg/L,0.03,mg/L,0.2,mg/L,2.78,mg/L,6.64,mg/L,1.11,mg/L,0.8,mg/L,,,16.0,,,mg/L,,,,,,,29.7,°C,2.5,m,2.46,NTU,,,,,7.08,mg/L,10.0,mg/L,-18.40471469720768,-51.22287716980235
CLA-02,2021-10-03,9.5,mg/L,0.05,mg/L,0.8,mg/L,1.0,μg/L,0.008,mg/L,,,920.8,NMP/100mL,24.0,μS/cm,3.0,UC,2.01,mg/L,20.74,mg/L,11.5,mg/L,8.6,NPM/100mL,0.1,mg/L,,,,,0.01,mg/L,0.03,mg/L,0.2,mg/L,0.03,mg/L,0.2,mg/L,2.41,mg/L,5.71,mg/L,1.04,mg/L,0.8,mg/L,,,16.0,,,mg/L,,,,,,,29.4,°C,2.0,m,2.4,NTU,,,,,7.35,mg/L,10.0,mg/L,-18.478620867606217,-51.188607926708855
CLA-03,2021-10-03,10.0,mg/L,0.05,mg/L,0.8,mg/L,1.67,μg/L,0.008,mg/L,,,248.1,NMP/100mL,17.22,μS/cm,3.0,UC,2.14,mg/L,31.09,mg/L,13.0,mg/L,4.1,NPM/100mL,0.1,mg/L,,,,,0.01,mg/L,0.03,mg/L,0.2,mg/L,0.03,mg/L,0.2,mg/L,2.89,mg/L,7.94,mg/L,0.95,mg/L,0.8,mg/L,,,16.0,,,mg/L,,,,,,,28.4,°C,2.5,m,1.59,NTU,,,,,8.19,mg/L,10.0,mg/L,-18.528218997966466,-51.15191904306638
CLA-04,2021-10-03,9.5,mg/L,0.05,mg/L,0.8,mg/L,1.34,μg/L,0.008,mg/L,,,3600.0,NMP/100mL,16.62,μS/cm,3.0,UC,2.0,mg/L,20.0,mg/L,4.0,mg/L,426.0,NPM/100mL,0.1,mg/L,,,,,0.01,mg/L,0.03,mg/L,0.24,mg/L,0.03,mg/L,0.2,mg/L,1.64,mg/L,6.44,mg/L,0.97,mg/L,0.8,mg/L,,,16.0,,,mg/L,,,,,,,25.9,°C,4.0,m,1.06,NTU,,,,,7.01,mg/L,10.0,mg/L,-18.554869066877227,-51.12675459317855
CLA-05,2021-10-03,9.0,mg/L,0.05,mg/L,0.8,mg/L,1.0,μg/L,0.008,mg/L,,,1980.0,NMP/100mL,21.9,μS/cm,3.0,UC,3.21,mg/L,20.0,mg/L,16.0,mg/L,8.5,NPM/100mL,0.1,mg/L,,,,,0.01,mg/L,0.03,mg/L,0.2,mg/L,0.03,mg/L,0.2,mg/L,1.58,mg/L,5.01,mg/L,0.93,mg/L,0.8,mg/L,,,18.0,,,mg/L,,,,,,,27.7,°C,2.5,m,1.73,NTU,,,,,7.13,mg/L,10.0,mg/L,-18.55495622601502,-51.12622947820932
CLA-06,2021-10-03,12.0,mg/L,0.05,mg/L,0.99,mg/L,2.67,μg/L,0.008,mg/L,,,770.1,NMP/100mL,21.6,μS/cm,3.0,UC,2.23,mg/L,20.0,mg/L,11.5,mg/L,1.0,NPM/100mL,0.1,mg/L,,,,,0.01,mg/L,0.03,mg/L,0.2,mg/L,0.03,mg/L,0.2,mg/L,2.87,mg/L,6.3,mg/L,0.92,mg/L,0.8,mg/L,,,16.0,,,mg/L,,,,,,,25.9,°C,3.0,m,1.44,NTU,,,,,6.94,mg/L,10.0,mg/L,-18.569842526616718,-51.10807692400981
CLA-06B,2021-10-03,11.5,mg/L,0.05,mg/L,0.86,mg/L,1.0,μg/L,0.008,mg/L,,,1550.0,NMP/100mL,30.7,μS/cm,3.0,UC,2.29,mg/L,20.0,mg/L,15.0,mg/L,7.5,NPM/100mL,0.1,mg/L,,,,,0.01,mg/L,0.03,mg/L,0.2,mg/L,0.03,mg/L,0.2,mg/L,2.14,mg/L,5.05,mg/L,0.9,mg/L,0.8,mg/L,,,16.0,,,mg/L,,,,,,,27.1,°C,2.0,m,1.33,NTU,,,,,7.08,mg/L,10.0,mg/L,-18.580416304138193,-51.10538491999489
CLA-07,2021-10-03,9.0,mg/L,0.06,mg/L,1.11,mg/L,1.67,μg/L,0.008,mg/L,,,1980.0,NMP/100mL,35.7,μS/cm,3.0,UC,2.25,mg/L,20.0,mg/L,5.5,mg/L,1.0,NPM/100mL,0.1,mg/L,,,,,0.01,mg/L,0.03,mg/L,0.2,mg/L,0.03,mg/L,0.2,mg/L,3.08,mg/L,5.34,mg/L,0.89,mg/L,0.8,mg/L,,,16.0,,,mg/L,,,,,,,28.2,°C,2.5,m,1.09,NTU,,,,,7.05,mg/L,10.0,mg/L,-18.64469238815568,-51.05218482324302
CLA-08,2021-10-03,10.0,mg/L,0.06,mg/L,0.8,mg/L,2.34,μg/L,0.008,mg/L,,,1410.0,NMP/100mL,26.3,μS/cm,3.0,UC,2.06,mg/L,20.0,mg/L,16.0,mg/L,3.1,NPM/100mL,0.1,mg/L,,,,,0.01,mg/L,0.03,mg/L,0.2,mg/L,0.03,mg/L,0.2,mg/L,2.39,mg/L,6.5,mg/L,0.94,mg/L,0.8,mg/L,,,16.0,,,mg/L,,,,,,,27.2,°C,1.0,m,1.01,NTU,,,,,7.8,mg/L,10.0,mg/L,-18.706763370925028,-51.008782838537705
CLA-08CS,2021-10-03,7.5,mg/L,0.06,mg/L,0.8,mg/L,1.0,μg/L,0.008,mg/L,,,1980.0,NMP/100mL,24.4,μS/cm,3.0,UC,2.0,mg/L,20.0,mg/L,2.0,mg/L,410.6,NPM/100mL,0.12,mg/L,,,,,0.01,mg/L,0.03,mg/L,0.2,mg/L,0.03,mg/L,0.2,mg/L,1.56,mg/L,4.68,mg/L,0.95,mg/L,0.8,mg/L,,,16.0,,,mg/L,,,,,,,27.0,°C,2.5,m,1.28,NTU,,,,,7.4,mg/L,10.0,mg/L,-18.658334892800493,-51.06757829218299
CLA-09,2021-10-03,12.0,mg/L,0.05,mg/L,1.29,mg/L,1.0,μg/L,0.008,mg/L,,,1730.0,NMP/100mL,26.2,μS/cm,3.0,UC,2.0,mg/L,20.0,mg/L,10.0,mg/L,28.5,NPM/100mL,0.18,mg/L,,,,,0.01,mg/L,0.03,mg/L,0.2,mg/L,0.03,mg/L,0.2,mg/L,2.08,mg/L,6.3,mg/L,0.81,mg/L,1.91,mg/L,,,16.0,,,mg/L,,,,,,,26.2,°C,0.8,m,1.28,NTU,,,,,7.6,mg/L,10.0,mg/L,-18.732783800131944,-51.003284514940056
CLA-ETE,2021-10-03,67.5,mg/L,0.06,mg/L,19.62,mg/L,36.32,μg/L,0.008,mg/L,,,1550000.0,NMP/100mL,46.0,μS/cm,15.0,UC,4.66,mg/L,172.99,mg/L,21.5,mg/L,1040000.0,NPM/100mL,0.31,mg/L,,,,,0.04,mg/L,0.03,mg/L,0.2,mg/L,0.03,mg/L,0.2,mg/L,4.52,mg/L,4.84,mg/L,6.89,mg/L,13.26,mg/L,,,128.0,,,mg/L,,,,,,,28.4,°C,0.0,m,89.9,NTU,,,,,8.4,mg/L,10.0,mg/L,-18.567897827162238,-51.110681871352824
CLA-01,2022-01-04,8.5,mg/L,0.29,mg/L,0.8,mg/L,1.0,μg/L,0.008,mg/L,,,200.0,NMP/100mL,26.9,μS/cm,3.0,UC,3.13,mg/L,20.0,mg/L,12.5,mg/L,158.0,NPM/100mL,0.32,mg/L,,,,,0.02,mg/L,0.03,mg/L,0.22,mg/L,0.03,mg/L,0.2,mg/L,4.42,mg/L,7.51,mg/L,1.21,mg/L,1.41,mg/L,,,,12.0,mg/L,,,,,,28.0,mg/L,28.2,°C,,m,29.6,NTU,,,,,7.22,mg/L,10.0,mg/L,-18.40471469720768,-51.22287716980235
CLA-02,2022-01-04,8.0,mg/L,0.52,mg/L,0.8,mg/L,1.0,μg/L,0.008,mg/L,,,700.0,NMP/100mL,21.1,μS/cm,3.0,UC,3.2,mg/L,20.0,mg/L,12.5,mg/L,46.2,NPM/100mL,0.43,mg/L,,,,,0.01,mg/L,0.03,mg/L,0.2,mg/L,0.03,mg/L,0.2,mg/L,1.84,mg/L,7.15,mg/L,1.0,mg/L,1.01,mg/L,,,,12.0,mg/L,,,,,,20.0,mg/L,29.2,°C,,m,23.3,NTU,,,,,7.18,mg/L,12.0,mg/L,-18.478620867606217,-51.188607926708855
CLA-03,2022-01-04,8.5,mg/L,0.18,mg/L,0.8,mg/L,3.0,μg/L,0.008,mg/L,,,400.0,NMP/100mL,24.3,μS/cm,3.0,UC,3.52,mg/L,20.0,mg/L,12.0,mg/L,39.0,NPM/100mL,0.11,mg/L,,,,,0.01,mg/L,0.03,mg/L,0.2,mg/L,0.03,mg/L,0.2,mg/L,4.3,mg/L,7.28,mg/L,1.03,mg/L,1.28,mg/L,,,,12.0,mg/L,,,,,,150.0,mg/L,30.5,°C,,m,18.8,NTU,,,,,7.5,mg/L,10.0,mg/L,-18.528218997966466,-51.15191904306638
CLA-04,2022-01-04,7.5,mg/L,0.5,mg/L,0.8,mg/L,2.0,μg/L,0.008,mg/L,,,1690.0,NMP/100mL,20.8,μS/cm,3.0,UC,2.0,mg/L,20.0,mg/L,13.0,mg/L,73.7,NPM/100mL,0.45,mg/L,,,,,0.01,mg/L,0.03,mg/L,0.2,mg/L,0.03,mg/L,0.2,mg/L,3.21,mg/L,6.68,mg/L,1.07,mg/L,0.93,mg/L,,,,18.0,mg/L,,,,,,68.0,mg/L,27.5,°C,,m,33.3,NTU,,,,,6.87,mg/L,10.0,mg/L,-18.554869066877227,-51.12675459317855
CLA-05,2022-01-04,19.0,mg/L,0.05,mg/L,42.0,mg/L,1.34,μg/L,0.008,mg/L,,,214000.0,NMP/100mL,124.0,μS/cm,3.0,UC,40.47,mg/L,112.13,mg/L,34.0,mg/L,91300.0,NPM/100mL,0.35,mg/L,,,,,0.32,mg/L,0.07,mg/L,1.03,mg/L,0.03,mg/L,0.2,mg/L,3.27,mg/L,5.33,mg/L,3.32,mg/L,0.8,mg/L,,,,98.0,mg/L,,,,,,224.0,mg/L,28.3,°C,,m,15.6,NTU,,,,,6.49,mg/L,10.0,mg/L,-18.55495622601502,-51.12622947820932
CLA-06,2022-01-04,7.5,mg/L,0.48,mg/L,2.06,mg/L,1.0,μg/L,0.008,mg/L,,,791.5,NMP/100mL,25.0,μS/cm,3.0,UC,2.82,mg/L,20.0,mg/L,14.0,mg/L,574.8,NPM/100mL,0.39,mg/L,,,,,0.01,mg/L,0.03,mg/L,0.2,mg/L,0.03,mg/L,0.2,mg/L,3.7,mg/L,5.5,mg/L,1.04,mg/L,0.8,mg/L,,,,12.0,mg/L,,,,,,38.0,mg/L,28.6,°C,,m,32.5,NTU,,,,,6.79,mg/L,10.0,mg/L,-18.569842526616718,-51.10807692400981
CLA-06B,2022-01-04,7.5,mg/L,0.26,mg/L,0.8,mg/L,1.0,μg/L,0.008,mg/L,,,1050.0,NMP/100mL,30.1,μS/cm,3.0,UC,2.0,mg/L,20.0,mg/L,10.5,mg/L,148.3,NPM/100mL,0.18,mg/L,,,,,0.01,mg/L,0.03,mg/L,0.2,mg/L,0.03,mg/L,0.2,mg/L,1.6,mg/L,4.01,mg/L,1.17,mg/L,0.92,mg/L,,,,12.0,mg/L,,,,,,76.0,mg/L,31.2,°C,,m,34.8,NTU,,,,,6.88,mg/L,10.0,mg/L,-18.580416304138193,-51.10538491999489
CLA-07,2022-01-04,7.0,mg/L,0.3,mg/L,0.8,mg/L,1.0,μg/L,0.008,mg/L,,,359.0,NMP/100mL,42.0,μS/cm,3.0,UC,2.0,mg/L,20.0,mg/L,9.0,mg/L,38.7,NPM/100mL,0.3,mg/L,,,,,0.01,mg/L,0.03,mg/L,0.2,mg/L,0.03,mg/L,0.2,mg/L,2.9,mg/L,4.66,mg/L,1.07,mg/L,0.8,mg/L,,,,12.0,mg/L,,,,,,88.0,mg/L,29.7,°C,,m,18.3,NTU,,,,,7.17,mg/L,10.0,mg/L,-18.64469238815568,-51.05218482324302
CLA-08,2022-01-04,7.5,mg/L,0.24,mg/L,0.8,mg/L,1.0,μg/L,0.008,mg/L,,,8.0,NMP/100mL,160.1,μS/cm,3.0,UC,2.0,mg/L,20.0,mg/L,14.0,mg/L,8.0,NPM/100mL,0.21,mg/L,,,,,0.01,mg/L,0.03,mg/L,0.21,mg/L,0.03,mg/L,0.2,mg/L,2.73,mg/L,5.43,mg/L,1.12,mg/L,0.8,mg/L,,,,10.0,mg/L,,,,,,78.0,mg/L,29.9,°C,,m,13.6,NTU,,,,,7.36,mg/L,10.0,mg/L,-18.706763370925028,-51.008782838537705
CLA-08CS,2022-01-04,8.0,mg/L,0.43,mg/L,0.8,mg/L,1.0,μg/L,0.008,mg/L,,,900.0,NMP/100mL,17.4,μS/cm,3.0,UC,2.0,mg/L,20.0,mg/L,12.5,mg/L,829.7,NPM/100mL,0.34,mg/L,,,,,0.01,mg/L,0.03,mg/L,0.2,mg/L,0.03,mg/L,0.2,mg/L,2.33,mg/L,6.38,mg/L,1.07,mg/L,0.8,mg/L,,,,20.0,mg/L,,,,,,22.0,mg/L,29.9,°C,,m,14.0,NTU,,,,,6.82,mg/L,10.0,mg/L,-18.658334892800493,-51.06757829218299
CLA-09,2022-01-04,8.0,mg/L,0.39,mg/L,0.8,mg/L,1.0,μg/L,0.008,mg/L,,,7.0,NMP/100mL,25.1,μS/cm,3.0,UC,2.0,mg/L,20.0,mg/L,10.0,mg/L,4.0,NPM/100mL,0.29,mg/L,,,,,0.01,mg/L,0.03,mg/L,0.2,mg/L,0.03,mg/L,0.2,mg/L,3.74,mg/L,5.9,mg/L,1.13,mg/L,0.8,mg/L,,,,12.0,mg/L,,,,,,82.0,mg/L,29.8,°C,,m,22.2,NTU,,,,,6.8,mg/L,10.0,mg/L,-18.732783800131944,-51.003284514940056
CLA-ETE,2022-01-04,,mg/L,,mg/L,25.72,mg/L,66.75,μg/L,0.011,mg/L,,,7550000.0,NMP/100mL,7.56,μS/cm,,UC,55.67,mg/L,169.88,mg/L,,mg/L,155000.0,NPM/100mL,0.39,mg/L,,,,,0.8,mg/L,0.05,mg/L,0.83,mg/L,0.03,mg/L,2.52,mg/L,3.91,mg/L,4.06,mg/L,3.84,mg/L,12.19,mg/L,0.66,mg/L,,156.0,mg/L,,0.3,mg/L,10.0,mg/L,264.0,mg/L,30.1,°C,,m,36.1,NTU,,,,,7.69,mg/L,16.8,mg/L,-18.567897827162238,-51.110681871352824
CLA-01,2022-04-03,15.0,mg/L,0.23,mg/L,0.8,mg/L,1.0,μg/L,0.008,mg/L,,,3170.0,NMP/100mL,28.37,μS/cm,15.0,UC,2.0,mg/L,20.0,mg/L,20.5,mg/L,829.0,NPM/100mL,0.35,mg/L,,,,,0.02,mg/L,0.03,mg/L,0.2,mg/L,0.03,mg/L,0.2,mg/L,4.84,mg/L,7.02,mg/L,0.55,mg/L,0.8,mg/L,,,,20.0,mg/L,,,,,,28.0,mg/L,25.01,°C,0.4,m,45.4,NTU,,,,,7.91,mg/L,0.0,mg/L,-18.40471469720768,-51.22287716980235
CLA-02,2022-04-03,15.5,mg/L,0.44,mg/L,0.8,mg/L,1.0,μg/L,0.008,mg/L,,,1200.0,NMP/100mL,28.42,μS/cm,15.0,UC,2.0,mg/L,20.0,mg/L,60.0,mg/L,158.0,NPM/100mL,0.44,mg/L,,,,,0.01,mg/L,0.03,mg/L,0.2,mg/L,0.03,mg/L,0.2,mg/L,4.2,mg/L,7.24,mg/L,0.61,mg/L,0.8,mg/L,,,,18.0,mg/L,,,,,,28.0,mg/L,27.3,°C,0.6,m,21.9,NTU,,,,,7.73,mg/L,0.0,mg/L,-18.478620867606217,-51.188607926708855
CLA-03,2022-04-03,13.5,mg/L,0.47,mg/L,0.8,mg/L,1.0,μg/L,0.008,mg/L,,,149.0,NMP/100mL,27.65,μS/cm,15.0,UC,2.0,mg/L,20.0,mg/L,26.5,mg/L,1.0,NPM/100mL,0.46,mg/L,,,,,0.01,mg/L,0.03,mg/L,0.2,mg/L,0.03,mg/L,0.2,mg/L,4.2,mg/L,7.12,mg/L,0.56,mg/L,0.8,mg/L,,,,18.0,mg/L,,,,,,24.0,mg/L,28.7,°C,0.95,m,13.3,NTU,,,,,7.72,mg/L,0.0,mg/L,-18.528218997966466,-51.15191904306638
CLA-04,2022-04-03,14.0,mg/L,0.3,mg/L,0.8,mg/L,5.34,μg/L,0.008,mg/L,,,4770.0,NMP/100mL,31.02,μS/cm,15.0,UC,2.0,mg/L,20.0,mg/L,38.5,mg/L,163.1,NPM/100mL,0.38,mg/L,,,,,0.02,mg/L,0.03,mg/L,0.2,mg/L,0.03,mg/L,0.2,mg/L,5.33,mg/L,5.86,mg/L,0.69,mg/L,0.8,mg/L,,,,18.0,mg/L,,,,,,26.0,mg/L,28.2,°C,0.5,m,33.9,NTU,,,,,7.55,mg/L,0.0,mg/L,-18.554869066877227,-51.12675459317855
CLA-05,2022-04-03,14.5,mg/L,0.29,mg/L,0.8,mg/L,1.669,μg/L,0.008,mg/L,,,1200.0,NMP/100mL,28.53,μS/cm,15.0,UC,2.0,mg/L,20.0,mg/L,31.5,mg/L,365.4,NPM/100mL,0.39,mg/L,,,,,0.03,mg/L,0.03,mg/L,0.2,mg/L,0.03,mg/L,0.2,mg/L,4.48,mg/L,5.36,mg/L,0.7,mg/L,0.8,mg/L,,,,20.0,mg/L,,,,,,30.0,mg/L,26.2,°C,0.5,m,31.8,NTU,,,,,7.51,mg/L,0.0,mg/L,-18.55495622601502,-51.12622947820932
CLA-06,2022-04-03,15.0,mg/L,0.43,mg/L,0.8,mg/L,1.0,μg/L,0.008,mg/L,,,3330.0,NMP/100mL,29.61,μS/cm,15.0,UC,2.14,mg/L,20.0,mg/L,21.5,mg/L,121.2,NPM/100mL,0.41,mg/L,,,,,0.02,mg/L,0.03,mg/L,0.2,mg/L,0.03,mg/L,0.2,mg/L,4.76,mg/L,4.59,mg/L,0.73,mg/L,0.8,mg/L,,,,18.0,mg/L,,,,,,26.0,mg/L,26.5,°C,0.5,m,33.9,NTU,,,,,7.55,mg/L,0.0,mg/L,-18.569842526616718,-51.10807692400981
CLA-06B,2022-04-03,15.5,mg/L,0.37,mg/L,0.8,mg/L,1.335,μg/L,0.008,mg/L,,,1450.0,NMP/100mL,29.63,μS/cm,15.0,UC,2.0,mg/L,20.0,mg/L,50.0,mg/L,54.7,NPM/100mL,0.45,mg/L,,,,,0.02,mg/L,0.03,mg/L,0.2,mg/L,0.03,mg/L,0.2,mg/L,2.8,mg/L,5.7,mg/L,0.72,mg/L,0.8,mg/L,,,,28.0,mg/L,,,,,,32.0,mg/L,26.6,°C,1.5,m,23.8,NTU,,,,,7.45,mg/L,0.0,mg/L,-18.580416304138193,-51.10538491999489
CLA-07,2022-04-03,16.5,mg/L,0.57,mg/L,0.8,mg/L,4.005,μg/L,0.008,mg/L,,,860.0,NMP/100mL,31.49,μS/cm,15.0,UC,2.0,mg/L,20.0,mg/L,41.0,mg/L,38.7,NPM/100mL,0.47,mg/L,,,,,0.02,mg/L,0.03,mg/L,0.2,mg/L,0.03,mg/L,0.2,mg/L,0.84,mg/L,6.85,mg/L,0.68,mg/L,0.8,mg/L,,,,22.0,mg/L,,,,,,28.0,mg/L,27.1,°C,0.5,m,16.1,NTU,,,,,7.66,mg/L,0.0,mg/L,-18.64469238815568,-51.05218482324302
CLA-08,2022-04-03,14.0,mg/L,0.53,mg/L,0.8,mg/L,1.001,μg/L,0.008,mg/L,,,1690.0,NMP/100mL,30.1,μS/cm,15.0,UC,2.0,mg/L,20.0,mg/L,24.5,mg/L,50.5,NPM/100mL,0.45,mg/L,,,,,0.02,mg/L,0.03,mg/L,0.2,mg/L,0.03,mg/L,0.2,mg/L,1.96,mg/L,5.18,mg/L,0.8,mg/L,0.8,mg/L,,,,18.0,mg/L,,,,,,24.0,mg/L,27.5,°C,0.8,m,33.5,NTU,,,,,7.58,mg/L,0.0,mg/L,-18.706763370925028,-51.008782838537705
CLA-08CS,2022-04-03,15.0,mg/L,0.7,mg/L,0.8,mg/L,1.0,μg/L,0.008,mg/L,,,188.0,NMP/100mL,31.33,μS/cm,15.0,UC,2.0,mg/L,20.0,mg/L,25.0,mg/L,1.0,NPM/100mL,0.52,mg/L,,,,,0.01,mg/L,0.03,mg/L,0.2,mg/L,0.03,mg/L,0.2,mg/L,4.2,mg/L,5.35,mg/L,0.73,mg/L,0.8,mg/L,,,,22.0,mg/L,,,,,,32.0,mg/L,28.5,°C,0.5,m,13.3,NTU,,,,,7.48,mg/L,0.0,mg/L,-18.658334892800493,-51.06757829218299
CLA-09,2022-04-03,15.0,mg/L,0.44,mg/L,0.8,mg/L,1.0,μg/L,0.008,mg/L,,,980.0,NMP/100mL,30.31,μS/cm,15.0,UC,2.0,mg/L,20.98,mg/L,25.0,mg/L,55.5,NPM/100mL,0.43,mg/L,,,,,0.03,mg/L,0.03,mg/L,0.2,mg/L,0.03,mg/L,0.2,mg/L,3.64,mg/L,5.72,mg/L,0.76,mg/L,0.8,mg/L,,,,30.0,mg/L,,,,,,38.0,mg/L,28.2,°C,0.8,m,35.3,NTU,,,,,7.14,mg/L,0.0,mg/L,-18.732783800131944,-51.003284514940056
CLA-ETE,2022-04-03,,,,,0.8,mg/L,,μg/L,0.011,mg/L,,,4080.0,NMP/100mL,31.37,μS/cm,,,2.08,mg/L,20.0,mg/L,29.0,mg/L,1040.0,NPM/100mL,0.46,mg/L,,,,,0.03,mg/L,0.03,mg/L,0.2,mg/L,0.03,mg/L,0.2,mg/L,3.36,mg/L,4.85,mg/L,0.68,mg/L,0.8,mg/L,0.05,mg/L,,166.0,mg/L,,0.3,mg/L,10.0,mg/L,248.0,mg/L,27.6,°C,,,33.6,NTU,,,,,6.25,mg/L,0.0,mg/L,-18.567897827162238,-51.110681871352824
CLA-01,2022-07-02,14.0,mg/L,0.06,mg/L,0.8,mg/L,1.0,μg/L,0.008,mg/L,,,73.8,NMP/100mL,26.04,μS/cm,3.0,UC,2.66,mg/L,22.08,mg/L,140.0,mg/L,13.7,NPM/100mL,0.17,mg/L,,,,,0.01,mg/L,0.03,mg/L,0.2,mg/L,0.03,mg/L,0.2,mg/L,1.68,mg/L,11.14,mg/L,0.37,mg/L,0.8,mg/L,,,,16.0,mg/L,,,,,,22.0,mg/L,22.0,°C,2.0,m,4.54,NTU,,,,,7.81,mg/L,10.0,mg/L,-18.40471469720768,-51.22287716980235
CLA-02,2022-07-02,14.0,mg/L,0.05,mg/L,0.8,mg/L,5.674,μg/L,0.008,mg/L,,,7920.0,NMP/100mL,34.25,μS/cm,3.0,UC,3.17,mg/L,32.32,mg/L,43.0,mg/L,1110.0,NPM/100mL,0.14,mg/L,,,,,0.01,mg/L,0.03,mg/L,0.2,mg/L,0.03,mg/L,0.31,mg/L,1.96,mg/L,10.68,mg/L,0.43,mg/L,1.01,mg/L,,,,18.0,mg/L,,,,,,30.0,mg/L,24.1,°C,3.5,m,1.98,NTU,,,,,7.8,mg/L,10.0,mg/L,-18.478620867606217,-51.188607926708855
CLA-03,2022-07-02,11.5,mg/L,0.05,mg/L,0.8,mg/L,13.684,μg/L,0.008,mg/L,,,3300.0,NMP/100mL,28.66,μS/cm,3.0,UC,2.89,mg/L,20.0,mg/L,27.5,mg/L,152.1,NPM/100mL,0.1,mg/L,,,,,0.01,mg/L,0.03,mg/L,0.2,mg/L,0.03,mg/L,0.2,mg/L,1.68,mg/L,11.0,mg/L,0.4,mg/L,0.8,mg/L,,,,16.0,mg/L,,,,,,20.0,mg/L,27.7,°C,5.0,m,1.89,NTU,,,,,7.89,mg/L,10.0,mg/L,-18.528218997966466,-51.15191904306638
CLA-04,2022-07-02,10.0,mg/L,0.05,mg/L,0.8,mg/L,8.678,μg/L,0.008,mg/L,,,3210.0,NMP/100mL,27.7,μS/cm,3.0,UC,2.61,mg/L,20.0,mg/L,14.0,mg/L,87.1,NPM/100mL,0.14,mg/L,,,,,0.01,mg/L,0.03,mg/L,0.2,mg/L,0.03,mg/L,0.2,mg/L,3.64,mg/L,9.45,mg/L,0.4,mg/L,0.8,mg/L,,,,22.0,mg/L,,,,,,32.0,mg/L,22.7,°C,1.5,m,3.55,NTU,,,,,7.55,mg/L,10.0,mg/L,-18.554869066877227,-51.12675459317855
CLA-05,2022-07-02,12.0,mg/L,0.05,mg/L,56.66,mg/L,17.355,μg/L,0.008,mg/L,,,463000.0,NMP/100mL,103.4,μS/cm,3.0,UC,2.9,mg/L,22.45,mg/L,2.0,mg/L,2490.0,NPM/100mL,0.1,mg/L,,,,,0.54,mg/L,0.03,mg/L,0.2,mg/L,0.03,mg/L,0.2,mg/L,1.68,mg/L,6.44,mg/L,1.93,mg/L,0.8,mg/L,,,,62.0,mg/L,,,,,,70.0,mg/L,24.9,°C,0.5,m,2.83,NTU,,,,,7.22,mg/L,10.0,mg/L,-18.55495622601502,-51.12622947820932
CLA-06,2022-07-02,10.5,mg/L,0.05,mg/L,2.78,mg/L,1.0,μg/L,0.008,mg/L,,,60000.0,NMP/100mL,34.72,μS/cm,3.0,UC,2.57,mg/L,36.17,mg/L,20.0,mg/L,75.4,NPM/100mL,0.13,mg/L,,,,,0.01,mg/L,0.03,mg/L,0.2,mg/L,0.03,mg/L,0.2,mg/L,2.52,mg/L,9.72,mg/L,0.41,mg/L,0.8,mg/L,,,,26.0,mg/L,,,,,,30.0,mg/L,25.4,°C,1.5,m,5.8,NTU,,,,,7.3,mg/L,10.0,mg/L,-18.569842526616718,-51.10807692400981
CLA-06B,2022-07-02,12.0,mg/L,0.06,mg/L,0.8,mg/L,1.0,μg/L,0.008,mg/L,,,90000.0,NMP/100mL,33.42,μS/cm,3.0,UC,2.95,mg/L,20.0,mg/L,16.5,mg/L,11.8,NPM/100mL,0.15,mg/L,,,,,0.01,mg/L,0.03,mg/L,0.2,mg/L,0.03,mg/L,0.2,mg/L,1.96,mg/L,10.1,mg/L,0.49,mg/L,0.8,mg/L,,,,18.0,mg/L,,,,,,22.0,mg/L,23.7,°C,2.0,m,3.31,NTU,,,,,7.7,mg/L,10.0,mg/L,-18.580416304138193,-51.10538491999489
CLA-07,2022-07-02,12.5,mg/L,0.06,mg/L,0.8,mg/L,1.335,μg/L,0.008,mg/L,,,2280.0,NMP/100mL,34.38,μS/cm,3.0,UC,2.95,mg/L,20.0,mg/L,2.0,mg/L,2.0,NPM/100mL,0.16,mg/L,,,,,0.01,mg/L,0.03,mg/L,0.2,mg/L,0.03,mg/L,0.2,mg/L,1.96,mg/L,10.29,mg/L,0.53,mg/L,0.8,mg/L,,,,18.0,mg/L,,,,,,20.0,mg/L,24.1,°C,3.0,m,3.36,NTU,,,,,7.81,mg/L,10.0,mg/L,-18.64469238815568,-51.05218482324302
CLA-08,2022-07-02,18.0,mg/L,0.05,mg/L,0.8,mg/L,1.0,μg/L,0.008,mg/L,,,200.0,NMP/100mL,54.65,μS/cm,3.0,UC,2.67,mg/L,20.0,mg/L,39.0,mg/L,1.0,NPM/100mL,0.19,mg/L,,,,,0.01,mg/L,0.03,mg/L,0.2,mg/L,0.03,mg/L,0.2,mg/L,2.24,mg/L,11.2,mg/L,0.45,mg/L,0.8,mg/L,,,,20.0,mg/L,,,,,,30.0,mg/L,23.7,°C,1.8,m,6.63,NTU,,,,,7.29,mg/L,10.0,mg/L,-18.706763370925028,-51.008782838537705
CLA-08CS,2022-07-02,11.0,mg/L,0.07,mg/L,0.8,mg/L,4.673,μg/L,0.008,mg/L,,,700.0,NMP/100mL,34.12,μS/cm,3.0,UC,2.43,mg/L,20.0,mg/L,19.0,mg/L,1.0,NPM/100mL,0.1,mg/L,,,,,0.01,mg/L,0.03,mg/L,0.2,mg/L,0.03,mg/L,0.2,mg/L,0.56,mg/L,9.83,mg/L,0.25,mg/L,0.8,mg/L,,,,20.0,mg/L,,,,,,24.0,mg/L,24.0,°C,1.5,m,1.89,NTU,,,,,7.75,mg/L,10.0,mg/L,-18.658334892800493,-51.06757829218299
CLA-09,2022-07-02,8.5,mg/L,0.06,mg/L,0.8,mg/L,10.68,μg/L,0.008,mg/L,,,100.0,NMP/100mL,36.32,μS/cm,3.0,UC,2.66,mg/L,20.0,mg/L,15.0,mg/L,4.0,NPM/100mL,0.12,mg/L,,,,,0.01,mg/L,0.03,mg/L,0.2,mg/L,0.03,mg/L,0.2,mg/L,3.92,mg/L,10.4,mg/L,0.44,mg/L,0.8,mg/L,,,,20.0,mg/L,,,,,,22.0,mg/L,22.5,°C,0.7,m,2.82,NTU,,,,,7.88,mg/L,10.0,mg/L,-18.732783800131944,-51.003284514940056
CLA-ETE,2022-07-02,,,,,2.6,mg/L,1.0,μg/L,0.0108,mg/L,,,10900.0,NMP/100mL,84.0,μS/cm,,,3.46,mg/L,38.15,mg/L,12.0,mg/L,76.3,NPM/100mL,0.11,mg/L,,,,,0.22,mg/L,0.03,mg/L,0.2,mg/L,0.03,mg/L,1.62,mg/L,1.68,mg/L,7.02,mg/L,1.15,mg/L,1.4,mg/L,0.05,mg/L,,98.0,mg/L,,0.5,mg/L,10.0,mg/L,102.0,mg/L,24.6,°C,,,3.43,NTU,,,,,6.65,mg/L,10.0,mg/L,-18.567897827162238,-51.110681871352824
CLA-01,2022-10-04,7.0,mg/L,0.05,mg/L,0.8,mg/L,1.0,μg/L,0.008,mg/L,,,400.0,NMP/100mL,22.9,μS/cm,3.0,UC,2.0,mg/L,20.0,mg/L,29.4,mg/L,190.0,NPM/100mL,0.12,mg/L,,,,,0.02,mg/L,0.03,mg/L,0.2,mg/L,0.03,mg/L,0.2,mg/L,2.24,mg/L,5.35,mg/L,0.71,mg/L,1.01,mg/L,,,,16.0,mg/L,,,,,,22.0,mg/L,26.6,°C,1.5,m,7.13,NTU,,,,,7.66,mg/L,10.0,mg/L,-18.40471469720768,-51.22287716980235
CLA-02,2022-10-04,8.0,mg/L,0.05,mg/L,0.8,mg/L,1.0,μg/L,0.008,mg/L,,,167.0,NMP/100mL,20.0,μS/cm,3.0,UC,2.07,mg/L,20.0,mg/L,31.5,mg/L,2.0,NPM/100mL,0.16,mg/L,,,,,0.01,mg/L,0.03,mg/L,0.2,mg/L,0.03,mg/L,0.2,mg/L,2.52,mg/L,7.07,mg/L,0.65,mg/L,0.8,mg/L,,,,14.0,mg/L,,,,,,20.0,mg/L,27.1,°C,2.0,m,4.42,NTU,,,,,7.64,mg/L,10.0,mg/L,-18.478620867606217,-51.188607926708855
CLA-03,2022-10-04,9.0,mg/L,0.06,mg/L,0.8,mg/L,1.0,μg/L,0.008,mg/L,,,11.0,NMP/100mL,23.0,μS/cm,3.0,UC,2.44,mg/L,20.0,mg/L,20.0,mg/L,2.0,NPM/100mL,0.1,mg/L,,,,,0.03,mg/L,0.03,mg/L,0.2,mg/L,0.03,mg/L,0.2,mg/L,1.96,mg/L,7.44,mg/L,0.66,mg/L,0.8,mg/L,,,,12.0,mg/L,,,,,,18.0,mg/L,27.1,°C,2.0,m,2.21,NTU,,,,,7.9,mg/L,10.0,mg/L,-18.528218997966466,-51.15191904306638
CLA-04,2022-10-04,8.5,mg/L,0.05,mg/L,0.8,mg/L,1.0,μg/L,0.008,mg/L,,,43.0,NMP/100mL,26.2,μS/cm,3.0,UC,2.51,mg/L,21.77,mg/L,38.0,mg/L,3.0,NPM/100mL,0.11,mg/L,,,,,0.01,mg/L,0.03,mg/L,0.2,mg/L,0.03,mg/L,0.2,mg/L,2.24,mg/L,7.42,mg/L,0.7,mg/L,0.8,mg/L,,,,16.0,mg/L,,,,,,22.0,mg/L,27.8,°C,1.5,m,3.65,NTU,,,,,7.3,mg/L,10.0,mg/L,-18.554869066877227,-51.12675459317855
CLA-05,2022-10-04,22.5,mg/L,0.06,mg/L,171.39,mg/L,1.0,μg/L,0.008,mg/L,,,385000.0,NMP/100mL,800.0,μS/cm,3.0,UC,2.0,mg/L,29.41,mg/L,48.0,mg/L,75500.0,NPM/100mL,0.34,mg/L,,,,,4.32,mg/L,0.121,mg/L,2.193,mg/L,0.03,mg/L,0.2,mg/L,4.43,mg/L,4.53,mg/L,4.92,mg/L,4.08,mg/L,,,,386.0,mg/L,,,,,,402.0,mg/L,29.1,°C,1.5,m,8.31,NTU,,,,,6.99,mg/L,10.0,mg/L,-18.55495622601502,-51.12622947820932
CLA-06,2022-10-04,10.5,mg/L,0.05,mg/L,0.8,mg/L,1.0,μg/L,0.008,mg/L,,,24.1,NMP/100mL,29.5,μS/cm,3.0,UC,3.03,mg/L,20.0,mg/L,21.0,mg/L,14.6,NPM/100mL,0.1,mg/L,,,,,0.17,mg/L,0.03,mg/L,0.2,mg/L,0.03,mg/L,0.2,mg/L,1.96,mg/L,6.96,mg/L,0.69,mg/L,0.8,mg/L,,,,16.0,mg/L,,,,,,24.0,mg/L,28.2,°C,2.9,m,2.23,NTU,,,,,7.37,mg/L,10.0,mg/L,-18.569842526616718,-51.10807692400981
CLA-06B,2022-10-04,8.5,mg/L,0.05,mg/L,0.8,mg/L,1.001,μg/L,0.008,mg/L,,,2380.0,NMP/100mL,22.6,μS/cm,3.0,UC,2.61,mg/L,22.13,mg/L,13.5,mg/L,9.0,NPM/100mL,0.1,mg/L,,,,,0.04,mg/L,0.03,mg/L,0.2,mg/L,0.03,mg/L,0.2,mg/L,1.96,mg/L,6.8,mg/L,0.68,mg/L,0.8,mg/L,,,,16.0,mg/L,,,,,,22.0,mg/L,29.1,°C,2.5,m,2.36,NTU,,,,,7.42,mg/L,10.0,mg/L,-18.580416304138193,-51.10538491999489
CLA-07,2022-10-04,11.5,mg/L,0.05,mg/L,0.8,mg/L,1.0,μg/L,0.008,mg/L,,,4.0,NMP/100mL,31.7,μS/cm,3.0,UC,2.57,mg/L,24.76,mg/L,24.0,mg/L,1.0,NPM/100mL,0.1,mg/L,,,,,0.01,mg/L,0.03,mg/L,0.2,mg/L,0.03,mg/L,0.2,mg/L,2.24,mg/L,6.92,mg/L,0.63,mg/L,0.8,mg/L,,,,16.0,mg/L,,,,,,20.0,mg/L,28.9,°C,2.5,m,1.27,NTU,,,,,7.64,mg/L,10.0,mg/L,-18.64469238815568,-51.05218482324302
CLA-08,2022-10-04,18.0,mg/L,0.11,mg/L,0.8,mg/L,1.252,μg/L,0.008,mg/L,,,196.0,NMP/100mL,20.5,μS/cm,3.0,UC,2.0,mg/L,20.0,mg/L,46.5,mg/L,35.8,NPM/100mL,0.32,mg/L,,,,,0.01,mg/L,0.062,mg/L,0.2,mg/L,0.03,mg/L,0.2,mg/L,2.52,mg/L,6.2,mg/L,2.04,mg/L,0.8,mg/L,,,,28.0,mg/L,,,,,,34.0,mg/L,25.2,°C,1.2,m,12.8,NTU,,,,,7.5,mg/L,10.0,mg/L,-18.706763370925028,-51.008782838537705
CLA-08CS,2022-10-04,11.0,mg/L,0.05,mg/L,0.8,mg/L,6.675,μg/L,0.008,mg/L,,,2.0,NMP/100mL,30.0,μS/cm,3.0,UC,2.02,mg/L,20.0,mg/L,29.5,mg/L,1.0,NPM/100mL,0.1,mg/L,,,,,0.01,mg/L,0.03,mg/L,0.2,mg/L,0.03,mg/L,0.2,mg/L,1.4,mg/L,6.92,mg/L,0.66,mg/L,0.8,mg/L,,,,16.0,mg/L,,,,,,22.0,mg/L,29.0,°C,2.5,m,3.28,NTU,,,,,7.67,mg/L,10.0,mg/L,-18.658334892800493,-51.06757829218299
CLA-09,2022-10-04,10.5,mg/L,0.05,mg/L,0.8,mg/L,2.67,μg/L,0.008,mg/L,,,3.0,NMP/100mL,23.0,μS/cm,3.0,UC,2.0,mg/L,20.0,mg/L,21.0,mg/L,1.0,NPM/100mL,0.1,mg/L,,,,,0.01,mg/L,0.03,mg/L,0.2,mg/L,0.03,mg/L,0.2,mg/L,2.24,mg/L,6.5,mg/L,0.68,mg/L,0.8,mg/L,,,,16.0,mg/L,,,,,,20.0,mg/L,25.2,°C,0.6,m,2.09,NTU,,,,,8.0,mg/L,10.0,mg/L,-18.732783800131944,-51.003284514940056
CLA-ETE,2022-10-04,,,,,1.7,mg/L,28.369,μg/L,0.008,mg/L,,,266000.0,NMP/100mL,54.4,μS/cm,,,2.8,mg/L,20.0,mg/L,,mg/L,6460.0,NPM/100mL,0.1,mg/L,,,,,0.12,mg/L,0.03,mg/L,0.2,mg/L,0.03,mg/L,0.2,mg/L,1.4,mg/L,5.71,mg/L,1.21,mg/L,1.45,mg/L,0.05,mg/L,,24.0,mg/L,,0.3,mg/L,10.0,mg/L,24.0,mg/L,28.2,°C,,,3.66,NTU,,,,,7.46,mg/L,10.0,mg/L,-18.567897827162238,-51.110681871352824
CLA-01,2023-01-15,6.0,mg/L,0.172,mg/L,0.8,mg/L,1.0,μg/L,0.0001,mg/L,,,510000.0,NMP/100mL,30.2,μS/cm,30.0,UC,2.0,mg/L,20.0,mg/L,18.2,mg/L,48.9,NPM/100mL,0.2514,mg/L,,,,,0.01,mg/L,0.034,mg/L,0.2,mg/L,0.03,mg/L,0.2,mg/L,2.52,mg/L,7.71,mg/L,2.14,mg/L,0.8,mg/L,,,,14.0,mg/L,,,,,,196.0,mg/L,27.1,°C,0.2,m,68.9,NTU,,,,,7.58,mg/L,10.0,mg/L,-18.40471469720768,-51.22287716980235
CLA-02,2023-01-15,5.5,mg/L,0.184,mg/L,0.8,mg/L,16.688,μg/L,0.0001,mg/L,,,158000.0,NMP/100mL,16.75,μS/cm,40.0,UC,2.0,mg/L,20.0,mg/L,18.5,mg/L,240.0,NPM/100mL,0.2394,mg/L,,,,,0.01,mg/L,0.03,mg/L,0.2,mg/L,0.03,mg/L,0.2,mg/L,1.96,mg/L,8.5,mg/L,0.74,mg/L,0.8,mg/L,,,,14.0,mg/L,,,,,,204.0,mg/L,28.7,°C,0.2,m,77.9,NTU,,,,,7.21,mg/L,10.0,mg/L,-18.478620867606217,-51.188607926708855
CLA-03,2023-01-15,4.5,mg/L,0.0886,mg/L,0.8,mg/L,1.0,μg/L,0.0001,mg/L,,,3000.0,NMP/100mL,16.0,μS/cm,30.0,UC,2.14,mg/L,20.0,mg/L,8.4,mg/L,15.6,NPM/100mL,0.2369,mg/L,,,,,0.01,mg/L,0.03,mg/L,0.2,mg/L,0.03,mg/L,0.2,mg/L,2.24,mg/L,8.76,mg/L,0.62,mg/L,0.8,mg/L,,,,14.0,mg/L,,,,,,106.0,mg/L,28.6,°C,0.4,m,35.4,NTU,,,,,7.67,mg/L,10.0,mg/L,-18.528218997966466,-51.15191904306638
CLA-04,2023-01-15,5.5,mg/L,0.1375,mg/L,0.8,mg/L,1.0,μg/L,0.0001,mg/L,,,1980.0,NMP/100mL,18.36,μS/cm,5.0,UC,2.32,mg/L,20.0,mg/L,11.1,mg/L,228.2,NPM/100mL,0.2699,mg/L,,,,,0.01,mg/L,0.03,mg/L,0.2,mg/L,0.03,mg/L,0.2,mg/L,2.52,mg/L,8.03,mg/L,0.72,mg/L,0.8,mg/L,,,,14.0,mg/L,,,,,,54.0,mg/L,28.2,°C,0.4,m,60.9,NTU,,,,,7.06,mg/L,10.0,mg/L,-18.554869066877227,-51.12675459317855
CLA-05,2023-01-15,5.5,mg/L,0.05,mg/L,85.66,mg/L,1.0,μg/L,0.0001,mg/L,,,359000.0,NMP/100mL,169.3,μS/cm,5.0,UC,2.0,mg/L,20.0,mg/L,37.8,mg/L,15500.0,NPM/100mL,0.1509,mg/L,,,,,0.07,mg/L,0.037,mg/L,1.296,mg/L,0.03,mg/L,0.2,mg/L,3.82,mg/L,6.27,mg/L,1.85,mg/L,3.45,mg/L,,,,100.0,mg/L,,,,,,120.0,mg/L,30.9,°C,0.3,m,21.3,NTU,,,,,7.17,mg/L,45.0,mg/L,-18.55495622601502,-51.12622947820932
CLA-06,2023-01-15,16.0,mg/L,0.1151,mg/L,0.8,mg/L,4.45,μg/L,0.0001,mg/L,,,2870.0,NMP/100mL,18.3,μS/cm,5.0,UC,2.0,mg/L,20.0,mg/L,12.2,mg/L,720.0,NPM/100mL,0.2801,mg/L,,,,,0.01,mg/L,0.03,mg/L,0.2,mg/L,0.03,mg/L,0.2,mg/L,2.24,mg/L,5.6,mg/L,0.69,mg/L,0.8,mg/L,,,,14.0,mg/L,,,,,,16.0,mg/L,29.3,°C,0.26,m,57.1,NTU,,,,,7.56,mg/L,10.0,mg/L,-18.569842526616718,-51.10807692400981
CLA-06B,2023-01-15,5.0,mg/L,0.107,mg/L,0.8,mg/L,1.0,μg/L,0.0001,mg/L,,,1110.0,NMP/100mL,18.2,μS/cm,5.0,UC,2.0,mg/L,20.0,mg/L,12.2,mg/L,307.6,NPM/100mL,0.2662,mg/L,,,,,0.01,mg/L,0.03,mg/L,0.2,mg/L,0.03,mg/L,0.2,mg/L,1.96,mg/L,8.5,mg/L,0.78,mg/L,0.8,mg/L,,,,14.0,mg/L,,,,,,28.0,mg/L,27.6,°C,0.35,m,54.9,NTU,,,,,7.1,mg/L,10.0,mg/L,-18.580416304138193,-51.10538491999489
CLA-07,2023-01-15,7.0,mg/L,0.0584,mg/L,0.8,mg/L,1.0,μg/L,0.0001,mg/L,,,204.6,NMP/100mL,27.6,μS/cm,3.0,UC,2.0,mg/L,20.0,mg/L,8.1,mg/L,14.8,NPM/100mL,0.175,mg/L,,,,,0.01,mg/L,0.03,mg/L,0.2,mg/L,0.03,mg/L,0.2,mg/L,1.68,mg/L,6.56,mg/L,0.79,mg/L,0.8,mg/L,,,,16.0,mg/L,,,,,,26.0,mg/L,26.8,°C,0.65,m,22.4,NTU,,,,,6.42,mg/L,10.0,mg/L,-18.64469238815568,-51.05218482324302
CLA-08,2023-01-15,7.5,mg/L,0.05,mg/L,0.8,mg/L,2.67,μg/L,0.0001,mg/L,,,7200.0,NMP/100mL,46.8,μS/cm,3.0,UC,2.33,mg/L,20.0,mg/L,13.1,mg/L,4.1,NPM/100mL,0.1,mg/L,,,,,0.01,mg/L,0.03,mg/L,0.2,mg/L,0.03,mg/L,0.2,mg/L,3.08,mg/L,8.3,mg/L,0.73,mg/L,0.8,mg/L,,,,16.0,mg/L,,,,,,124.0,mg/L,25.0,°C,1.0,m,13.8,NTU,,,,,6.7,mg/L,10.0,mg/L,-18.706763370925028,-51.008782838537705
CLA-08CS,2023-01-15,7.5,mg/L,0.094,mg/L,0.8,mg/L,1.0,μg/L,0.0001,mg/L,,,307.6,NMP/100mL,20.9,μS/cm,3.0,UC,2.0,mg/L,20.0,mg/L,14.8,mg/L,5.1,NPM/100mL,0.1386,mg/L,,,,,0.01,mg/L,0.03,mg/L,0.2,mg/L,0.03,mg/L,0.2,mg/L,2.8,mg/L,8.68,mg/L,0.69,mg/L,0.8,mg/L,,,,16.0,mg/L,,,,,,100.0,mg/L,26.6,°C,0.8,m,14.6,NTU,,,,,7.66,mg/L,10.0,mg/L,-18.658334892800493,-51.06757829218299
CLA-09,2023-01-15,6.5,mg/L,0.07,mg/L,0.8,mg/L,1.0,μg/L,0.0001,mg/L,,,200000.0,NMP/100mL,17.23,μS/cm,10.0,UC,2.01,mg/L,20.0,mg/L,12.6,mg/L,1520.0,NPM/100mL,0.1315,mg/L,,,,,0.01,mg/L,0.03,mg/L,0.2,mg/L,0.03,mg/L,0.2,mg/L,2.24,mg/L,6.4,mg/L,0.92,mg/L,0.8,mg/L,,,,16.0,mg/L,,,,,,42.0,mg/L,30.2,°C,0.3,m,18.6,NTU,,,,,7.5,mg/L,10.0,mg/L,-18.732783800131944,-51.003284514940056
CLA-ETE,2023-01-15,,,,,2.35,mg/L,230.288,μg/L,0.008,mg/L,,,359000.0,NMP/100mL,105.9,μS/cm,,,55.0,mg/L,127.24,mg/L,,mg/L,22800.0,NPM/100mL,0.1019,mg/L,,,,,0.48,mg/L,0.069,mg/L,0.2,mg/L,0.03,mg/L,0.2,mg/L,14.0,mg/L,5.41,mg/L,2.86,mg/L,1.92,mg/L,0.05,mg/L,,206.0,mg/L,,0.7,mg/L,24.0,mg/L,248.0,mg/L,30.7,°C,,,61.5,NTU,,,,,8.05,mg/L,10.0,mg/L,-18.567897827162238,-51.110681871352824
CLA-01,2023-04-10,30.8,mg/L,0.01,mg/L,10.2,mg/L,2.57,μg/L,0.007,mg/L,,,1.8,NMP/100mL,26.0,μS/cm,62.0,UC,15.2,mg/L,29.0,mg/L,66.0,mg/L,1.8,NPM/100mL,0.623,mg/L,0.0,org/mL,,,0.11,mg/L,0.013,mg/L,0.3,mg/L,0.005,mg/L,0.11,mg/L,0.25,mg/L,5.8,mg/L,0.87,mg/L,10.0,mg/L,,,,19.39,mg/L,,,,,,62.0,mg/L,29.1,°C,1.3,m,1.06,NTU,1.0,org/m²,1.0,org/mL,6.8,mg/L,10.0,mg/L,-18.40471469720768,-51.22287716980235
CLA-02,2023-04-10,26.8,mg/L,0.03,mg/L,10.0,mg/L,1.08,μg/L,0.007,mg/L,,,140.0,NMP/100mL,12.0,μS/cm,58.0,UC,15.8,mg/L,30.0,mg/L,34.9,mg/L,1.8,NPM/100mL,0.55,mg/L,1.0,org/mL,,,0.1,mg/L,0.017,mg/L,0.3,mg/L,0.005,mg/L,0.18,mg/L,0.18,mg/L,5.7,mg/L,0.833,mg/L,10.0,mg/L,,,,19.0,mg/L,,,,,,57.0,mg/L,28.7,°C,1.4,m,14.66,NTU,5.0,org/m²,1.0,org/mL,8.5,mg/L,10.0,mg/L,-18.478620867606217,-51.188607926708855
CLA-03,2023-04-10,42.6,mg/L,0.28,mg/L,15.3,mg/L,4.37,μg/L,0.007,mg/L,,,17.0,NMP/100mL,22.0,μS/cm,5.0,UC,2.2,mg/L,25.0,mg/L,56.7,mg/L,1.8,NPM/100mL,0.622,mg/L,1.0,org/mL,,,0.02,mg/L,0.028,mg/L,0.52,mg/L,0.005,mg/L,0.14,mg/L,0.66,mg/L,5.8,mg/L,0.95,mg/L,10.0,mg/L,,,,18.34,mg/L,,,,,,52.0,mg/L,29.5,°C,1.2,m,7.02,NTU,1.0,org/m²,1.0,org/mL,8.4,mg/L,10.0,mg/L,-18.528218997966466,-51.15191904306638
CLA-04,2023-04-10,37.2,mg/L,0.02,mg/L,3.4,mg/L,0.42,μg/L,0.007,mg/L,,,40.0,NMP/100mL,21.3,μS/cm,87.0,UC,15.0,mg/L,26.0,mg/L,39.6,mg/L,1.8,NPM/100mL,1.006,mg/L,1.0,org/mL,,,0.05,mg/L,0.017,mg/L,0.3,mg/L,0.005,mg/L,0.08,mg/L,0.08,mg/L,6.62,mg/L,0.706,mg/L,10.0,mg/L,,,,19.45,mg/L,,,,,,25.0,mg/L,29.5,°C,0.75,m,26.7,NTU,1.0,org/m²,1.0,org/mL,7.03,mg/L,15.0,mg/L,-18.554869066877227,-51.12675459317855
CLA-05,2023-04-10,29.2,mg/L,0.02,mg/L,72.5,mg/L,0.05,μg/L,0.007,mg/L,,,1.8,NMP/100mL,181.7,μS/cm,5.0,UC,2.1,mg/L,25.0,mg/L,58.0,mg/L,1.8,NPM/100mL,0.978,mg/L,1.0,org/mL,,,0.49,mg/L,0.028,mg/L,0.82,mg/L,0.005,mg/L,1.05,mg/L,1.87,mg/L,4.91,mg/L,1.867,mg/L,11.0,mg/L,,,,95.49,mg/L,,,,,,50.0,mg/L,29.0,°C,0.4,m,11.2,NTU,1.0,org/m²,1.0,org/mL,7.15,mg/L,21.0,mg/L,-18.55495622601502,-51.12622947820932
CLA-06,2023-04-10,20.0,mg/L,0.01,mg/L,3.1,mg/L,1.95,μg/L,0.007,mg/L,,,1.8,NMP/100mL,27.5,μS/cm,52.0,UC,2.3,mg/L,25.0,mg/L,60.0,mg/L,1.8,NPM/100mL,1.006,mg/L,1.0,org/mL,,,0.05,mg/L,0.022,mg/L,0.3,mg/L,0.005,mg/L,0.09,mg/L,0.09,mg/L,6.01,mg/L,0.856,mg/L,10.0,mg/L,,,,23.12,mg/L,,,,,,25.0,mg/L,30.8,°C,1.1,m,18.55,NTU,1.0,org/m²,1.0,org/mL,7.23,mg/L,16.0,mg/L,-18.569842526616718,-51.10807692400981
CLA-06B,2023-04-10,31.2,mg/L,0.15,mg/L,61.0,mg/L,6.26,μg/L,0.007,mg/L,,,1.8,NMP/100mL,32.4,μS/cm,81.0,UC,2.2,mg/L,25.0,mg/L,65.5,mg/L,1.8,NPM/100mL,0.561,mg/L,1.0,org/mL,,,0.05,mg/L,0.022,mg/L,0.55,mg/L,0.005,mg/L,0.22,mg/L,0.77,mg/L,6.4,mg/L,1.028,mg/L,10.0,mg/L,,,,101.08,mg/L,,,,,,25.0,mg/L,32.3,°C,1.4,m,22.2,NTU,1.0,org/m²,2.0,org/mL,7.71,mg/L,154.0,mg/L,-18.580416304138193,-51.10538491999489
CLA-07,2023-04-10,32.4,mg/L,0.13,mg/L,9.2,mg/L,2.27,μg/L,0.007,mg/L,,,390.0,NMP/100mL,31.5,μS/cm,85.0,UC,4.0,mg/L,25.0,mg/L,64.8,mg/L,1.8,NPM/100mL,0.467,mg/L,1.0,org/mL,,,0.04,mg/L,0.013,mg/L,1.01,mg/L,0.005,mg/L,0.1,mg/L,1.11,mg/L,6.08,mg/L,0.939,mg/L,10.0,mg/L,,,,19.31,mg/L,,,,,,52.0,mg/L,31.3,°C,1.3,m,20.5,NTU,1.0,org/m²,10.0,org/mL,7.25,mg/L,29.0,mg/L,-18.64469238815568,-51.05218482324302
CLA-08,2023-04-10,20.6,mg/L,0.01,mg/L,14.9,mg/L,1.88,μg/L,0.007,mg/L,,,1.8,NMP/100mL,91.7,μS/cm,50.0,UC,20.4,mg/L,37.0,mg/L,48.8,mg/L,1.8,NPM/100mL,0.544,mg/L,1.0,org/mL,,,0.06,mg/L,0.022,mg/L,0.3,mg/L,0.005,mg/L,0.15,mg/L,0.45,mg/L,6.29,mg/L,0.883,mg/L,10.0,mg/L,,,,20.07,mg/L,,,,,,25.0,mg/L,28.1,°C,1.5,m,20.3,NTU,57.0,org/m²,1.0,org/mL,6.92,mg/L,173.0,mg/L,-18.706763370925028,-51.008782838537705
CLA-08CS,2023-04-10,21.4,mg/L,0.03,mg/L,6.0,mg/L,0.2,μg/L,0.007,mg/L,,,1.8,NMP/100mL,24.7,μS/cm,46.0,UC,2.1,mg/L,25.0,mg/L,35.2,mg/L,1.8,NPM/100mL,0.506,mg/L,1.0,org/mL,,,0.02,mg/L,0.022,mg/L,0.3,mg/L,0.005,mg/L,0.25,mg/L,0.25,mg/L,4.78,mg/L,0.95,mg/L,10.0,mg/L,,,,18.73,mg/L,,,,,,25.0,mg/L,32.9,°C,1.4,m,18.13,NTU,1.0,org/m²,12.0,org/mL,7.3,mg/L,15.0,mg/L,-18.658334892800493,-51.06757829218299
CLA-09,2023-04-10,29.0,mg/L,0.24,mg/L,3.6,mg/L,0.05,μg/L,0.007,mg/L,,,70.0,NMP/100mL,23.0,μS/cm,88.0,UC,2.8,mg/L,25.0,mg/L,66.2,mg/L,1.8,NPM/100mL,0.622,mg/L,1.0,org/mL,,,0.07,mg/L,0.013,mg/L,0.3,mg/L,0.005,mg/L,0.11,mg/L,0.23,mg/L,6.2,mg/L,0.761,mg/L,10.0,mg/L,,,,17.32,mg/L,,,,,,25.0,mg/L,28.6,°C,0.8,m,23.6,NTU,1.0,org/m²,1.0,org/mL,8.2,mg/L,212.0,mg/L,-18.732783800131944,-51.003284514940056
CLA-ETE,2023-04-10,,mg/L,,mg/L,22.5,mg/L,86.11,μg/L,,,0.015,mg/L,1700.0,NMP/100mL,61.2,μS/cm,3.0,UC,5.3,mg/L,25.0,mg/L,,mg/L,1.8,NPM/100mL,1.1,mg/L,1.0,org/mL,,,0.07,mg/L,0.017,mg/L,0.3,mg/L,0.005,mg/L,0.38,mg/L,0.64,mg/L,5.73,mg/L,1.089,mg/L,10.0,mg/L,0.025,mg/L,,55.0,mg/L,,0.7,mg/L,25.0,mg/L,66.0,mg/L,31.7,°C,0.5,m,18.38,NTU,1.0,org/m²,1.0,org/mL,7.09,mg/L,162.0,mg/L,-18.567897827162238,-51.110681871352824
CLA-01,2023-07-25,11.0,mg/L,0.0888,mg/L,0.8,mg/L,1.0,μg/L,0.008,mg/L,,,7760.0,NMP/100mL,28.5,μS/cm,3.0,UC,3.44,mg/L,20.0,mg/L,22.7,mg/L,39.5,NPM/100mL,0.1893,mg/L,,org/mL,111.55,org/mL,0.013,mg/L,0.03,mg/L,0.447,mg/L,0.03,mg/L,0.2,mg/L,1.12,mg/L,5.56,mg/L,1.51,mg/L,0.8,mg/L,,,,14.0,mg/L,,,,,,26.0,mg/L,25.0,°C,1.6,m,6.19,NTU,222.22,org/m²,43333.33,org/L,8.91,mg/L,10.0,mg/L,-18.40471469720768,-51.22287716980235
CLA-02,2023-07-25,8.0,mg/L,0.05,mg/L,0.8,mg/L,1.0,μg/L,0.008,mg/L,,,197.0,NMP/100mL,26.1,μS/cm,3.0,UC,3.56,mg/L,20.0,mg/L,41.8,mg/L,1.0,NPM/100mL,0.1,mg/L,,org/mL,83.66,mg/L,0.019,mg/L,0.03,mg/L,0.2,mg/L,0.03,mg/L,0.2,mg/L,1.4,mg/L,6.64,mg/L,1.5,mg/L,0.92,mg/L,,,,16.0,mg/L,,,,,,38.0,mg/L,25.0,°C,3.0,m,3.47,NTU,88.89,org/m²,72916.67,org/L,8.43,mg/L,10.0,mg/L,-18.478620867606217,-51.188607926708855
CLA-03,2023-07-25,9.0,mg/L,0.0592,mg/L,0.8,mg/L,1.0,μg/L,0.008,mg/L,,,32.7,NMP/100mL,21.1,μS/cm,3.0,UC,3.61,mg/L,20.0,mg/L,27.4,mg/L,1.0,NPM/100mL,0.1096,mg/L,,org/mL,67.73,org/mL,0.026,mg/L,0.03,mg/L,0.2,mg/L,0.03,mg/L,0.2,mg/L,1.68,mg/L,6.6,mg/L,1.58,mg/L,0.81,mg/L,,,,16.0,mg/L,,,,,,28.0,mg/L,24.0,°C,3.2,m,1.62,NTU,1.0,org/m²,67083.33,org/L,8.12,mg/L,10.0,mg/L,-18.528218997966466,-51.15191904306638
CLA-04,2023-07-25,9.0,mg/L,0.1229,mg/L,0.8,mg/L,1.0,μg/L,0.008,mg/L,,,2660.0,NMP/100mL,49.9,μS/cm,3.0,UC,3.91,mg/L,20.0,mg/L,39.0,mg/L,12.7,NPM/100mL,0.1741,mg/L,,org/mL,111.55,org/mL,0.015,mg/L,0.03,mg/L,0.2,mg/L,0.03,mg/L,0.2,mg/L,2.8,mg/L,6.73,mg/L,1.51,mg/L,1.23,mg/L,,,,16.0,mg/L,,,,,,22.0,mg/L,25.5,°C,3.5,m,2.83,NTU,44.44,org/m²,134583.33,org/L,7.99,mg/L,10.0,mg/L,-18.554869066877227,-51.12675459317855
CLA-05,2023-07-25,12.0,mg/L,0.0745,mg/L,24.42,mg/L,1.0,μg/L,0.008,mg/L,,,2750.0,NMP/100mL,50.8,μS/cm,3.0,UC,4.3,mg/L,20.0,mg/L,28.8,mg/L,549.3,NPM/100mL,0.2711,mg/L,,org/mL,59.76,org/mL,0.332,mg/L,0.03,mg/L,0.2,mg/L,0.03,mg/L,0.2,mg/L,0.84,mg/L,6.23,mg/L,3.77,mg/L,1.25,mg/L,,,,124.0,mg/L,,,,,,136.0,mg/L,24.6,°C,3.0,m,5.48,NTU,88.89,org/m²,1.0,org/L,7.64,mg/L,10.0,mg/L,-18.55495622601502,-51.12622947820932
CLA-06,2023-07-25,11.5,mg/L,0.1731,mg/L,0.8,mg/L,1.0,μg/L,0.008,mg/L,,,594.0,NMP/100mL,35.1,μS/cm,3.0,UC,4.18,mg/L,20.0,mg/L,23.4,mg/L,50.4,NPM/100mL,0.1932,mg/L,,org/mL,211.15,org/mL,0.059,mg/L,0.03,mg/L,0.2,mg/L,0.03,mg/L,0.2,mg/L,2.52,mg/L,5.46,mg/L,2.03,mg/L,0.8,mg/L,,,,20.0,mg/L,,,,,,88.0,mg/L,23.5,°C,2.5,m,2.04,NTU,1.0,org/m²,26250.0,org/L,7.4,mg/L,10.0,mg/L,-18.569842526616718,-51.10807692400981
CLA-06B,2023-07-25,10.5,mg/L,0.1138,mg/L,0.8,mg/L,2.67,μg/L,0.008,mg/L,,,1450.0,NMP/100mL,37.8,μS/cm,3.0,UC,4.69,mg/L,20.0,mg/L,29.2,mg/L,18.3,NPM/100mL,0.1109,mg/L,,org/mL,103.58,org/mL,0.01,mg/L,0.03,mg/L,0.2,mg/L,0.03,mg/L,0.2,mg/L,1.12,mg/L,5.27,mg/L,1.75,mg/L,0.8,mg/L,,,,18.0,mg/L,,,,,,42.0,mg/L,24.0,°C,3.0,m,4.21,NTU,1.0,org/m²,56666.67,org/L,7.43,mg/L,10.0,mg/L,-18.580416304138193,-51.10538491999489
CLA-07,2023-07-25,11.0,mg/L,0.1099,mg/L,0.8,mg/L,1.0,μg/L,0.008,mg/L,,,119.0,NMP/100mL,28.6,μS/cm,3.0,UC,3.5,mg/L,20.0,mg/L,15.9,mg/L,1.0,NPM/100mL,0.1,mg/L,,org/mL,135.45,org/mL,0.011,mg/L,0.03,mg/L,0.2,mg/L,0.03,mg/L,0.2,mg/L,2.52,mg/L,6.3,mg/L,1.77,mg/L,0.8,mg/L,,,,18.0,mg/L,,,,,,30.0,mg/L,24.5,°C,2.5,m,2.87,NTU,1.0,org/m²,1250.0,org/L,8.2,mg/L,10.0,mg/L,-18.64469238815568,-51.05218482324302
CLA-08,2023-07-25,10.5,mg/L,0.273,mg/L,3.12,mg/L,1.0,μg/L,0.008,mg/L,,,10500.0,NMP/100mL,31.4,μS/cm,3.0,UC,3.83,mg/L,20.0,mg/L,31.2,mg/L,65.0,NPM/100mL,0.2438,mg/L,,org/mL,87.65,org/mL,0.026,mg/L,0.03,mg/L,0.2,mg/L,0.03,mg/L,0.2,mg/L,1.4,mg/L,5.2,mg/L,1.76,mg/L,8.38,mg/L,,,,20.0,mg/L,,,,,,50.0,mg/L,23.5,°C,3.0,m,2.43,NTU,755.56,org/m²,1.0,org/L,8.6,mg/L,10.0,mg/L,-18.706763370925028,-51.008782838537705
CLA-08CS,2023-07-25,10.5,mg/L,0.142,mg/L,0.8,mg/L,1.0,μg/L,0.008,mg/L,,,35.5,NMP/100mL,26.3,μS/cm,3.0,UC,3.55,mg/L,20.0,mg/L,31.3,mg/L,8.4,NPM/100mL,0.1116,mg/L,,org/mL,175.29,org/mL,0.012,mg/L,0.03,mg/L,0.2,mg/L,0.03,mg/L,0.2,mg/L,1.96,mg/L,5.8,mg/L,1.85,mg/L,0.8,mg/L,,,,18.0,mg/L,,,,,,98.0,mg/L,24.0,°C,2.5,m,2.26,NTU,1.0,org/m²,1.0,org/L,8.1,mg/L,10.0,mg/L,-18.658334892800493,-51.06757829218299
CLA-09,2023-07-25,10.5,mg/L,0.125,mg/L,0.8,mg/L,1.0,μg/L,0.008,mg/L,,,160.0,NMP/100mL,34.2,μS/cm,3.0,UC,3.93,mg/L,20.0,mg/L,16.8,mg/L,10.7,NPM/100mL,0.1002,mg/L,,org/mL,47.81,org/mL,0.022,mg/L,0.03,mg/L,0.2,mg/L,0.03,mg/L,0.2,mg/L,1.68,mg/L,6.9,mg/L,1.66,mg/L,0.8,mg/L,,,,18.0,mg/L,,,,,,30.0,mg/L,24.0,°C,0.8,m,2.92,NTU,0.0,org/m²,0.0,org/L,8.4,mg/L,10.0,mg/L,-18.732783800131944,-51.003284514940056
CLA-ETE,2023-07-25,,,,,0.8,mg/L,1.0,μg/L,,,0.014,mg/L,9600.0,NMP/100mL,49.0,μS/cm,,,3.9,mg/L,20.0,mg/L,,,4730.0,NPM/100mL,0.1,mg/L,,org/mL,159.36,org/mL,0.075,mg/L,0.03,mg/L,0.2,mg/L,0.03,mg/L,3.92,mg/L,5.04,mg/L,5.14,mg/L,2.3,mg/L,0.8,mg/L,0.05,mg/L,,24.0,mg/L,,0.1,mg/L,10.0,mg/L,38.0,mg/L,24.0,°C,0.6,m,5.48,NTU,133.33,org/m²,32500.0,org/L,7.42,mg/L,10.0,mg/L,-18.567897827162238,-51.110681871352824
CLA-01,2023-10-04,8.0,mg/L,0.067,mg/L,0.8,mg/L,3.004,μg/L,0.008,mg/L,,,60100.0,NMP/100mL,35.0,μS/cm,3.0,UC,3.89,mg/L,20.0,mg/L,28.8,mg/L,36.4,NMP/100mL,0.1,mg/L,1.0,org/mL,31.87,org/mL,0.034,mg/L,0.03,mg/L,0.2,mg/L,0.03,mg/L,0.2,mg/L,1.68,mg/L,5.9,mg/L,1.95,μg/L,0.87,mg/L,,,,18.0,mg/L,,,,,,24.0,mg/L,28.1,°C,1.0,m,17.7,NTU,44.64,org/m²,1.0,org/L,7.6,,10.0,mg/L,-18.40471469720768,-51.22287716980235
CLA-02,2023-10-04,9.0,mg/L,0.05,mg/L,0.8,mg/L,1.0,μg/L,0.008,mg/L,,,191.0,NMP/100mL,35.4,μS/cm,3.0,UC,4.34,mg/L,20.0,mg/L,31.4,mg/L,1.0,NMP/100mL,0.1228,mg/L,,org/mL,75.69,org/mL,0.013,mg/L,0.03,mg/L,0.2,mg/L,0.03,mg/L,0.2,mg/L,1.4,mg/L,6.2,mg/L,1.89,μg/L,0.8,mg/L,,,,18.0,mg/L,,,,,,24.0,mg/L,27.6,°C,2.0,m,3.14,NTU,89.29,org/m²,1.0,org/L,8.1,,10.0,mg/L,-18.478620867606217,-51.188607926708855
CLA-03,2023-10-04,8.5,mg/L,0.05,mg/L,0.8,mg/L,5.34,μg/L,0.008,mg/L,,,197.0,NMP/100mL,33.1,μS/cm,3.0,UC,3.75,mg/L,20.0,mg/L,18.0,mg/L,2.0,NMP/100mL,0.1,mg/L,1.0,org/mL,231.07,org/mL,0.01,mg/L,0.03,mg/L,0.2,mg/L,0.03,mg/L,0.2,mg/L,2.52,mg/L,6.5,mg/L,2.4,μg/L,0.84,mg/L,,,,18.0,mg/L,,,,,,22.0,mg/L,28.6,°C,2.0,m,3.19,NTU,223.21,org/m²,1.0,org/L,8.0,,10.0,mg/L,-18.528218997966466,-51.15191904306638
CLA-04,2023-10-04,8.0,mg/L,0.05,mg/L,0.8,mg/L,3.671,μg/L,0.008,mg/L,,,5760.0,NMP/100mL,30.0,μS/cm,3.0,UC,4.06,mg/L,20.0,mg/L,17.3,mg/L,791.5,NMP/100mL,0.1,mg/L,1.0,org/mL,67.73,org/mL,0.013,mg/L,0.03,mg/L,0.2,mg/L,0.03,mg/L,0.2,mg/L,4.2,mg/L,5.69,mg/L,1.35,μg/L,0.8,mg/L,,,,266.0,mg/L,,,,,,350.0,mg/L,28.5,°C,4.0,m,2.58,NTU,1.0,org/m²,1.0,org/L,7.14,,10.0,mg/L,-18.554869066877227,-51.12675459317855
CLA-05,2023-10-04,20.0,mg/L,0.05,mg/L,1.07,mg/L,1.0,μg/L,0.008,mg/L,,,120000.0,NMP/100mL,502.0,μS/cm,3.0,UC,4.17,mg/L,20.0,mg/L,26.3,mg/L,879.0,NMP/100mL,0.1,mg/L,1.0,org/mL,47.81,org/mL,0.149,mg/L,0.03,mg/L,0.2,mg/L,0.03,mg/L,0.2,mg/L,2.24,mg/L,4.3,mg/L,0.25,μg/L,0.93,mg/L,,,,294.0,mg/L,,,,,,306.0,mg/L,28.9,°C,1.5,m,9.17,NTU,1.0,org/m²,1.0,org/L,6.96,,10.0,mg/L,-18.55495622601502,-51.12622947820932
CLA-06,2023-10-04,10.0,mg/L,0.05,mg/L,1.2,mg/L,7.676,μg/L,0.008,mg/L,,,5120.0,NMP/100mL,32.8,μS/cm,3.0,UC,3.37,mg/L,20.0,mg/L,35.6,mg/L,15.0,NMP/100mL,0.1,mg/L,1.0,org/mL,39.84,org/mL,0.02,mg/L,0.03,mg/L,0.2,mg/L,0.03,mg/L,0.2,mg/L,1.68,mg/L,5.8,mg/L,1.78,μg/L,0.8,mg/L,,,,22.0,mg/L,,,,,,30.0,mg/L,31.0,°C,4.0,m,3.15,NTU,1.0,org/m²,9166.67,org/m³,7.06,,10.0,mg/L,-18.569842526616718,-51.10807692400981
CLA-06B,2023-10-04,10.5,mg/L,0.05,mg/L,0.8,mg/L,1.0,μg/L,0.008,mg/L,,,1650.0,NMP/100mL,42.3,μS/cm,3.0,UC,3.86,mg/L,20.0,mg/L,33.5,mg/L,1040.0,NMP/100mL,0.1,mg/L,1.0,org/mL,254.97,org/mL,0.01,mg/L,0.03,mg/L,0.2,mg/L,0.03,mg/L,0.2,mg/L,2.24,mg/L,6.5,mg/L,1.88,μg/L,0.8,mg/L,,,,20.0,mg/L,,,,,,28.0,mg/L,28.7,°C,5.0,m,1.29,NTU,178.57,org/m²,1.0,org/L,7.65,,10.0,mg/L,-18.580416304138193,-51.10538491999489
CLA-07,2023-10-04,9.0,mg/L,0.05,mg/L,0.8,mg/L,3.338,μg/L,0.008,mg/L,,,770.1,NMP/100mL,28.2,μS/cm,3.0,UC,4.11,mg/L,20.0,mg/L,35.9,mg/L,46.4,NMP/100mL,0.1,mg/L,1.0,org/mL,219.12,org/mL,0.019,mg/L,0.03,mg/L,0.2,mg/L,0.03,mg/L,0.2,mg/L,1.96,mg/L,6.4,mg/L,1.6,μg/L,0.8,mg/L,,,,20.0,mg/L,,,,,,38.0,mg/L,30.8,°C,4.0,m,2.65,NTU,1.0,org/m²,1.0,org/L,7.6,,10.0,mg/L,-18.64469238815568,-51.05218482324302
CLA-08,2023-10-04,10.0,mg/L,0.05,mg/L,0.8,mg/L,1.0,μg/L,0.008,mg/L,,,199.0,NMP/100mL,43.8,μS/cm,3.0,UC,3.52,mg/L,20.0,mg/L,17.0,mg/L,14.2,NMP/100mL,0.1,mg/L,31.87,org/mL,243.02,org/mL,0.015,mg/L,0.03,mg/L,0.2,mg/L,0.03,mg/L,0.2,mg/L,3.08,mg/L,7.07,mg/L,3.36,μg/L,0.8,mg/L,,,,22.0,mg/L,,,,,,34.0,mg/L,28.8,°C,5.0,m,1.75,NTU,2500.0,org/m²,1.0,org/L,7.53,,10.0,mg/L,-18.706763370925028,-51.008782838537705
CLA-08CS,2023-10-04,9.5,mg/L,0.05,mg/L,0.8,mg/L,1.0,μg/L,0.008,mg/L,,,4960.0,NMP/100mL,33.6,μS/cm,3.0,UC,4.25,mg/L,20.0,mg/L,11.2,mg/L,1.0,NMP/100mL,0.1,mg/L,39.84,org/mL,414.33,org/mL,0.01,mg/L,0.03,mg/L,0.2,mg/L,0.03,mg/L,0.2,mg/L,2.8,mg/L,5.63,mg/L,1.92,μg/L,0.8,mg/L,,,,20.0,mg/L,,,,,,28.0,mg/L,30.2,°C,4.5,m,1.41,NTU,312.5,org/m²,7350.0,org/L,7.86,,10.0,mg/L,-18.658334892800493,-51.06757829218299
CLA-01,2024-01-20,6.5,mg/L,0.4237,mg/L,0.8,mg/L,1.0,μg/L,0.008,mg/L,,,33200.0,NMP/100mL,26.8,μS/cm,3.0,UC,2.0,mg/L,20.0,mg/L,8.2,mg/L,48.2,NMP/100mL,0.5423,mg/L,1.0,org/mL,83.66,org/mL,0.013,mg/L,0.03,mg/L,0.2,mg/L,0.03,mg/L,0.2,mg/L,2.8,mg/L,16.51,mg/L,0.7,μg/L,0.8,mg/L,,,,14.0,mg/L,,,,,,16.0,mg/L,30.2,°C,0.7,m,22.3,NTU,178.57,org/m²,5716.67,org/L,7.61,,10.0,mg/L,-18.40471469720768,-51.22287716980235
CLA-02,2024-01-20,6.0,mg/L,0.3487,mg/L,0.8,mg/L,1.0,μg/L,0.008,mg/L,,,272.0,NMP/100mL,16.17,μS/cm,3.0,UC,2.0,mg/L,20.0,mg/L,8.19,mg/L,7.0,NMP/100mL,0.3502,mg/L,1.0,org/mL,470.1,org/mL,0.01,mg/L,0.03,mg/L,0.2,mg/L,0.03,mg/L,0.2,mg/L,3.92,mg/L,5.36,mg/L,0.69,μg/L,0.8,mg/L,,,,14.0,mg/L,,,,,,70.0,mg/L,34.2,°C,1.0,m,10.4,NTU,401.79,org/m²,41650.0,org/L,7.57,,10.0,mg/L,-18.478620867606217,-51.188607926708855
CLA-03,2024-01-20,8.5,mg/L,0.3651,mg/L,0.8,mg/L,1.669,μg/L,0.008,mg/L,,,106.0,NMP/100mL,17.38,μS/cm,3.0,UC,2.0,mg/L,20.0,mg/L,8.69,mg/L,1.0,NMP/100mL,0.3341,mg/L,143.42,org/mL,784.83,org/mL,0.01,mg/L,0.03,mg/L,0.2,mg/L,0.03,mg/L,0.2,mg/L,1.96,mg/L,8.3,mg/L,0.69,μg/L,0.8,mg/L,,,,14.0,mg/L,,,,,,64.0,mg/L,34.5,°C,1.4,m,8.0,NTU,1.0,org/m²,55000.0,org/L,8.51,,10.0,mg/L,-18.528218997966466,-51.15191904306638
CLA-04,2024-01-20,5.0,mg/L,0.4165,mg/L,0.8,mg/L,3.338,μg/L,0.008,mg/L,,,5280.0,NMP/100mL,21.1,μS/cm,3.0,UC,2.0,mg/L,20.0,mg/L,8.25,mg/L,5.1,NMP/100mL,0.4373,mg/L,15.94,org/mL,278.88,org/mL,0.01,mg/L,0.03,mg/L,0.2,mg/L,0.03,mg/L,0.2,mg/L,2.24,mg/L,4.91,mg/L,0.67,μg/L,0.8,mg/L,,,,16.0,mg/L,,,,,,46.0,mg/L,28.7,°C,2.5,m,19.8,NTU,1.0,org/m²,82500.0,org/L,7.1,,10.0,mg/L,-18.554869066877227,-51.12675459317855
CLA-05,2024-01-20,10.5,mg/L,0.3635,mg/L,36.46,mg/L,1.0,μg/L,0.008,mg/L,,,10000.0,NMP/100mL,43.8,μS/cm,3.0,UC,2.0,mg/L,20.0,mg/L,13.83,mg/L,544.0,NMP/100mL,0.432,mg/L,15.94,org/mL,258.96,org/mL,0.134,mg/L,0.03,mg/L,0.2,mg/L,0.03,mg/L,0.2,mg/L,2.8,mg/L,6.78,mg/L,1.17,μg/L,0.8,mg/L,,,,146.0,mg/L,,,,,,158.0,mg/L,28.9,°C,0.5,m,17.2,NTU,1.0,org/m²,1.0,org/L,7.43,,10.0,mg/L,-18.55495622601502,-51.12622947820932
CLA-06,2024-01-20,6.0,mg/L,0.3706,mg/L,1.38,mg/L,1.0,μg/L,0.008,mg/L,,,1910.0,NMP/100mL,24.3,μS/cm,3.0,UC,2.0,mg/L,20.0,mg/L,8.29,mg/L,431.0,NMP/100mL,0.645,mg/L,59.76,org/mL,227.08,org/mL,0.01,mg/L,0.03,mg/L,0.2,mg/L,0.03,mg/L,0.2,mg/L,1.4,mg/L,6.9,mg/L,0.66,μg/L,0.8,mg/L,,,,16.0,mg/L,,,,,,40.0,mg/L,30.7,°C,0.9,m,17.5,NTU,580.36,org/m²,76766.67,org/m³,6.94,,10.0,mg/L,-18.569842526616718,-51.10807692400981
CLA-06B,2024-01-20,5.5,mg/L,0.3755,mg/L,0.8,mg/L,1.0,μg/L,0.008,mg/L,,,49.5,NMP/100mL,22.3,μS/cm,3.0,UC,2.0,mg/L,20.0,mg/L,8.66,mg/L,1.0,NMP/100mL,0.3591,mg/L,19.92,org/mL,378.47,org/mL,0.01,mg/L,0.03,mg/L,0.2,mg/L,0.03,mg/L,0.2,mg/L,3.92,mg/L,5.48,mg/L,0.64,μg/L,0.8,mg/L,,,,16.0,mg/L,,,,,,108.0,mg/L,30.8,°C,1.25,m,8.28,NTU,44.64,org/m²,12933.33,org/L,7.57,,10.0,mg/L,-18.580416304138193,-51.10538491999489
CLA-07,2024-01-20,8.0,mg/L,0.1521,mg/L,8.0,mg/L,1.0,μg/L,0.008,mg/L,,,3830.0,NMP/100mL,26.1,μS/cm,3.0,UC,4.83,mg/L,20.0,mg/L,9.68,mg/L,13.1,NMP/100mL,0.1572,mg/L,59.76,org/mL,334.65,org/mL,0.01,mg/L,0.03,mg/L,0.2,mg/L,0.03,mg/L,0.2,mg/L,3.64,mg/L,4.74,mg/L,0.71,μg/L,0.8,mg/L,,,,16.0,mg/L,,,,,,28.0,mg/L,29.7,°C,2.5,m,4.3,NTU,580.36,org/m²,13333.33,org/L,7.24,,10.0,mg/L,-18.64469238815568,-51.05218482324302
CLA-08,2024-01-20,8.5,mg/L,0.1085,mg/L,0.87,mg/L,1.0,μg/L,0.008,mg/L,,,3200.0,NMP/100mL,67.6,μS/cm,3.0,UC,4.65,mg/L,20.0,mg/L,9.95,mg/L,4.1,NMP/100mL,0.1235,mg/L,87.65,org/mL,876.47,org/mL,0.01,mg/L,0.03,mg/L,0.2,mg/L,0.03,mg/L,0.2,mg/L,3.36,mg/L,14.4,mg/L,1.4,μg/L,0.8,mg/L,,,,20.0,mg/L,,,,,,82.0,mg/L,30.2,°C,2.5,m,3.34,NTU,1.0,org/m²,1.0,org/L,7.52,,10.0,mg/L,-18.706763370925028,-51.008782838537705
CLA-08CS,2024-01-20,8.5,mg/L,0.176,mg/L,0.85,mg/L,1.0,μg/L,0.008,mg/L,,,2.0,NMP/100mL,25.2,μS/cm,3.0,UC,2.0,mg/L,20.0,mg/L,9.66,mg/L,1.0,NMP/100mL,0.1884,mg/L,63.74,org/mL,533.85,org/mL,0.01,mg/L,0.03,mg/L,0.2,mg/L,0.03,mg/L,0.2,mg/L,1.68,mg/L,16.55,mg/L,0.7,μg/L,0.8,mg/L,,,,18.0,mg/L,,,,,,112.0,mg/L,30.3,°C,2.5,m,3.54,NTU,44.44,org/m²,11433.33,org/L,7.67,,10.0,mg/L,-18.658334892800493,-51.06757829218299
CLA-01,2024-04-22,10.0,mg/L,0.2671,mg/L,0.94,mg/L,1.0,μg/L,0.008,mg/L,,,3250000.0,NMP/100mL,17.6,μS/cm,3.0,UC,2.0,mg/L,20.0,mg/L,30.2,mg/L,362.0,NMP/100mL,0.1,mg/L,1.0,org/mL,199.0,org/mL,0.034,mg/L,0.098,mg/L,0.2,mg/L,0.03,mg/L,0.2,mg/L,1.96,mg/L,5.8,mg/L,1.68,μg/L,8.47,mg/L,,,,22.0,mg/L,,,,,,34.0,mg/L,26.04,°C,0.5,m,49.3,NTU,1.0,org/m²,1.0,org/L,7.3,,10.0,mg/L,-18.40471469720768,-51.22287716980235
CLA-02,2024-04-22,8.5,mg/L,1.0772,mg/L,0.8,mg/L,1.0,μg/L,0.0084,mg/L,,,1550000.0,NMP/100mL,16.9,μS/cm,3.0,UC,3.58,mg/L,20.0,mg/L,21.1,mg/L,266.0,NMP/100mL,1.9062,mg/L,1.0,org/mL,35.86,org/mL,0.036,mg/L,0.044,mg/L,0.295,mg/L,0.03,mg/L,0.2,mg/L,1.97,mg/L,5.14,mg/L,2.42,μg/L,0.8,mg/L,,,,18.0,mg/L,,,,,,30.0,mg/L,27.0,°C,0.2,m,51.1,NTU,4.46,org/m²,1.0,org/L,7.05,,10.0,mg/L,-18.478620867606217,-51.188607926708855
CLA-03,2024-04-22,7.0,mg/L,1.0677,mg/L,0.8,mg/L,1.0,μg/L,0.008,mg/L,,,26600.0,NMP/100mL,25.4,μS/cm,3.0,UC,2.0,mg/L,20.0,mg/L,23.6,mg/L,22.9,NMP/100mL,1.3823,mg/L,1.0,org/mL,331.66,org/mL,0.088,mg/L,0.046,mg/L,0.306,mg/L,0.03,mg/L,0.2,mg/L,2.83,mg/L,5.04,mg/L,2.52,μg/L,0.8,mg/L,,,,14.0,mg/L,,,,,,26.0,mg/L,27.1,°C,0.1,m,62.8,NTU,22.32,org/m²,1.0,org/L,7.4,,10.0,mg/L,-18.528218997966466,-51.15191904306638
CLA-04,2024-04-22,7.5,mg/L,0.8731,mg/L,0.8,mg/L,1.0,μg/L,0.008,mg/L,,,162000.0,NMP/100mL,24.0,μS/cm,3.0,UC,2.0,mg/L,20.0,mg/L,30.4,mg/L,160.0,NMP/100mL,1.0396,mg/L,1.0,org/mL,47.81,org/mL,0.064,mg/L,0.966,mg/L,0.433,mg/L,0.03,mg/L,0.2,mg/L,3.23,mg/L,8.9,mg/L,3.21,μg/L,0.8,mg/L,,,,16.0,mg/L,,,,,,70.0,mg/L,26.9,°C,0.3,m,85.7,NTU,1.0,org/m²,1.0,org/L,6.92,,10.0,mg/L,-18.554869066877227,-51.12675459317855
CLA-05,2024-04-22,15.0,mg/L,0.1751,mg/L,220.8,mg/L,1.0,μg/L,0.008,mg/L,,,913000.0,NMP/100mL,46.8,μS/cm,3.0,UC,4.02,mg/L,20.0,mg/L,42.7,mg/L,1430.0,NMP/100mL,0.1,mg/L,0.0,org/mL,1.0,org/mL,0.104,mg/L,0.086,mg/L,0.2,mg/L,0.03,mg/L,0.42,mg/L,3.92,mg/L,8.9,mg/L,5.66,μg/L,13.44,mg/L,,,,214.0,mg/L,,,,,,226.0,mg/L,26.9,°C,0.25,m,22.1,NTU,1.0,org/m²,1.0,org/L,7.03,,10.0,mg/L,-18.55495622601502,-51.12622947820932
CLA-06,2024-04-22,7.5,mg/L,1.0685,mg/L,5.7,mg/L,1.0,μg/L,0.008,mg/L,,,1110000.0,NMP/100mL,29.2,μS/cm,3.0,UC,2.0,mg/L,20.0,mg/L,28.8,mg/L,239.0,NMP/100mL,1.1696,mg/L,1.0,org/mL,221.11,org/mL,0.06,mg/L,0.044,mg/L,0.229,mg/L,0.03,mg/L,0.2,mg/L,4.43,mg/L,5.8,mg/L,2.44,μg/L,0.8,mg/L,,,,18.0,mg/L,,,,,,30.0,mg/L,29.2,°C,0.3,m,83.9,NTU,8.93,org/m²,1.0,org/m³,7.18,,10.0,mg/L,-18.569842526616718,-51.10807692400981
CLA-06B,2024-04-22,7.5,mg/L,1.1684,mg/L,2.36,mg/L,1.0,μg/L,0.008,mg/L,,,66300.0,NMP/100mL,40.4,μS/cm,40.0,UC,4.12,mg/L,20.0,mg/L,19.4,mg/L,338.0,NMP/100mL,1.35,mg/L,1.0,org/mL,2478.01,org/mL,0.065,mg/L,0.043,mg/L,0.262,mg/L,0.03,mg/L,0.2,mg/L,4.18,mg/L,6.78,mg/L,2.69,μg/L,0.8,mg/L,,,,22.0,mg/L,,,,,,34.0,mg/L,29.05,°C,0.35,m,79.5,NTU,1.0,org/m²,90400.0,org/L,7.55,,10.0,mg/L,-18.580416304138193,-51.10538491999489
CLA-07,2024-04-22,7.0,mg/L,1.0355,mg/L,0.88,mg/L,16.02,μg/L,0.008,mg/L,,,43200.0,NMP/100mL,21.5,μS/cm,40.0,UC,2.0,mg/L,20.0,mg/L,31.0,mg/L,202.0,NMP/100mL,1.2825,mg/L,1.0,org/mL,5041.27,org/mL,0.056,mg/L,0.032,mg/L,0.337,mg/L,0.03,mg/L,0.2,mg/L,3.98,mg/L,7.1,mg/L,2.72,μg/L,0.8,mg/L,,,,14.0,mg/L,,,,,,38.0,mg/L,30.02,°C,0.35,m,65.3,NTU,13.39,org/m²,95200.0,org/L,7.56,,10.0,mg/L,-18.64469238815568,-51.05218482324302
CLA-08,2024-04-22,8.5,mg/L,1.0411,mg/L,0.86,mg/L,14.685,μg/L,0.008,mg/L,,,10600.0,NMP/100mL,24.2,μS/cm,40.0,UC,2.0,mg/L,20.0,mg/L,13.4,mg/L,173.0,NMP/100mL,1.1513,mg/L,1.0,org/mL,464.33,org/mL,0.024,mg/L,0.03,mg/L,0.209,mg/L,0.03,mg/L,0.2,mg/L,1.89,mg/L,6.9,mg/L,2.62,μg/L,0.8,mg/L,,,,16.0,mg/L,,,,,,24.0,mg/L,29.02,°C,0.35,m,53.5,NTU,4.46,org/m²,28333.33,org/L,7.37,,10.0,mg/L,-18.706763370925028,-51.008782838537705
CLA-08CS,2024-04-22,5.5,mg/L,0.9122,mg/L,0.8,mg/L,3.671,μg/L,0.008,mg/L,,,140000.0,NMP/100mL,15.13,μS/cm,40.0,UC,2.0,mg/L,20.0,mg/L,17.0,mg/L,422.0,NMP/100mL,1.0682,mg/L,1.0,org/mL,1415.09,org/mL,0.06,mg/L,0.03,mg/L,1.588,mg/L,0.03,mg/L,0.2,mg/L,3.55,mg/L,6.9,mg/L,2.88,μg/L,0.8,mg/L,,,,18.0,mg/L,,,,,,22.0,mg/L,29.2,°C,0.4,m,65.6,NTU,8.93,org/m²,62500.0,org/L,7.37,,10.0,mg/L,-18.658334892800493,-51.06757829218299
