"ponto","data","Condutividade_Eletrica","Oxigenio_dissolvido","Deficit_oxigenio_dissolvido","Temperatura_agua","Transparencia","Turbidez","pH","Profundidade","Clorofila_a","Fosforo_total","Nitrogenio_total","Solidos_suspensao","Alcalinidade_total","Nitrato_total","Demanda_bioquimica_oxigenio","Solidos_dissolvidos_totais","Potencial_redox","Manganes_total","Coliformes_termotolerantes","Cor_verdadeira","Ferro_dissolvido","Demanda_quimica_oxigenio","Oleos_Graxas","Densidade_cianobacterias","Solidos_totais","Indice_estado_trofico","Sulfeto","Sulfato_total","IQA ","Surfactantes"
"TM40F","4/29/2016","55.0","0.00","","25.9","","4.21","5.92","","","","","","","","","","","","","","","","","","","","","","",""
"TM40S","4/29/2016","68.0","6.04","","27.1","","4.12","7.63","","","","","","","","","","","","","","","","","","","","","","",""
"TM40ZF","4/29/2016","69.0","6.00","","27.1","","3.87","7.48","","","","","","","","","","","","","","","","","","","","","","",""
"TM45S","4/28/2016","59.0","5.90","","25.6","","65.90","7.50","","","","","","","","","","","","","","","","","","","","","","",""
"TM50S","4/28/2016","79.0","6.17","","24.9","","60.90","7.00","","","","","","","","","","","","","","","","","","","","","","",""
"TM55S","4/28/2016","68.0","8.57","","25.0","","8.32","7.26","","","","","","","","","","","","","","","","","","","","","","",""
"TM15F","5/3/2016","66.0","6.08","","26.4","","4.22","7.47","","","","","","","","","","","","","","","","","","","","","","",""
"TM15S","5/3/2016","68.0","6.43","","27.2","","3.55","7.37","","","","","","","","","","","","","","","","","","","","","","",""
"TM15ZF","5/3/2016","67.0","5.76","","25.7","","4.09","6.62","","","","","","","","","","","","","","","","","","","","","","",""
"TM20F","5/3/2016","68.0","7.06","","25.6","","4.82","6.80","","","","","","","","","","","","","","","","","","","","","","",""
"TM20S","5/3/2016","67.0","7.95","","26.4","1.30","3.35","7.77","","","","","","","","","","","","","","","","","","","","","","",""
"TM20ZF","5/3/2016","67.0","7.86","","25.9","","4.60","7.00","","","","","","","","","","","","","","","","","","","","","","",""
"TM25F","5/3/2016","68.0","5.58","","25.2","","6.56","7.15","","","","","","","","","","","","","","","","","","","","","","",""
"TM25S","5/3/2016","60.0","5.95","","26.3","","7.19","8.44","","","","","","","","","","","","","","","","","","","","","","",""
"TM25ZF","5/3/2016","67.0","5.78","","26.2","","7.28","8.00","","","","","","","","","","","","","","","","","","","","","","",""
"TM30F","5/4/2016","68.0","6.10","","26.3","","7.46","7.60","","","","","","","","","","","","","","","","","","","","","","",""
"TM30S","5/4/2016","68.0","6.18","","26.2","","4.03","7.75","","","","","","","","","","","","","","","","","","","","","","",""
"TM30ZF","5/4/2016","68.0","6.18","","26.3","","8.01","7.70","","","","","","","","","","","","","","","","","","","","","","",""
"TM35F","5/4/2016","66.0","5.30","","26.3","","8.33","7.20","","","","","","","","","","","","","","","","","","","","","","",""
"TM35S","5/4/2016","65.0","5.61","","26.7","","8.29","7.65","","","","","","","","","","","","","","","","","","","","","","",""
"TM35ZF","5/4/2016","66.0","5.50","","26.6","","7.48","7.61","","","","","","","","","","","","","","","","","","","","","","",""
"TM10S","8/24/2016","86.0","6.70","","19.9","","11.10","8.31","","","","","","","","","","","","","","","","","","","","","","",""
"TM15F","8/25/2016","76.0","7.10","","25.5","","4.22","7.19","","","","","","","","","","","","","","","","","","","","","","",""
"TM15S","8/25/2016","77.0","8.06","","26.9","2.00","5.49","8.69","","","","","","","","","","","","","","","","","","","","","","",""
"TM15ZF","8/25/2016","77.0","8.01","","26.1","","5.98","8.09","","","","","","","","","","","","","","","","","","","","","","",""
"TM20F","8/25/2016","68.0","5.91","","24.2","","11.00","6.99","","","","","","","","","","","","","","","","","","","","","","",""
"TM20S","8/25/2016","71.0","6.53","","26.0","2.00","8.31","7.92","","","","","","","","","","","","","","","","","","","","","","",""
"TM20ZF","8/25/2016","71.0","6.49","","25.8","","10.40","7.38","","","","","","","","","","","","","","","","","","","","","","",""
"TM25F","8/25/2016","70.0","6.72","","25.9","","5.11","7.28","","","","","","","","","","","","","","","","","","","","","","",""
"TM25S","8/25/2016","71.0","7.11","","26.5","2.00","2.75","8.07","","","","","","","","","","","","","","","","","","","","","","",""
"TM25ZF","8/25/2016","70.0","6.97","","26.3","","7.48","7.97","","","","","","","","","","","","","","","","","","","","","","",""
"TM30F","8/24/2016","72.0","6.97","","26.1","","8.39","7.90","","","","","","","","","","","","","","","","","","","","","","",""
"TM30S","8/24/2016","74.0","7.21","","26.1","1.50","6.20","8.06","","","","","","","","","","","","","","","","","","","","","","",""
"TM30ZF","8/24/2016","72.0","7.03","","26.2","","8.25","7.87","","","","","","","","","","","","","","","","","","","","","","",""
"TM35F","8/25/2016","71.0","5.96","","25.1","","5.16","7.01","","","","","","","","","","","","","","","","","","","","","","",""
"TM35S","8/25/2016","73.0","7.06","","26.6","2.00","3.40","8.51","","","","","","","","","","","","","","","","","","","","","","",""
"TM35ZF","8/25/2016","73.0","6.82","","26.1","","10.00","7.93","","","","","","","","","","","","","","","","","","","","","","",""
"TM40F","8/23/2016","60.0","0.92","","24.7","","3.39","6.06","","","","","","","","","","","","","","","","","","","","","","",""
"TM40S","8/23/2016","65.0","6.24","","25.9","4.50","1.79","7.70","","","","","","","","","","","","","","","","","","","","","","",""
"TM40ZF","8/23/2016","61.0","6.22","","26.1","","32.40","7.52","","","","","","","","","","","","","","","","","","","","","","",""
"TM45S","8/23/2016","79.0","8.02","","24.9","","46.40","8.08","","","","","","","","","","","","","","","","","","","","","","",""
"TM50S","8/23/2016","75.0","7.10","","26.3","","6.19","8.18","","","","","","","","","","","","","","","","","","","","","","",""
"TM55S","8/23/2016","71.0","7.63","","24.1","","4.55","8.02","","","","","","","","","","","","","","","","","","","","","","",""
"TM10S","11/10/2016","18.9","7.08","","26.5","","25.70","8.19","","","","","","","","","","","","","","","","","","","","","","",""
"TM15F","11/9/2016","17.9","1.68","","26.1","","5.04","7.34","","","","","","","","","","","","","","","","","","","","","","",""
"TM15S","11/8/2016","17.6","7.62","","28.9","","6.91","8.44","","","","","","","","","","","","","","","","","","","","","","",""
"TM15ZF","11/9/2016","17.3","7.51","","27.3","","8.29","8.41","","","","","","","","","","","","","","","","","","","","","","",""
"TM20F","11/9/2016","18.5","3.01","","26.0","","28.20","7.41","","","","","","","","","","","","","","","","","","","","","","",""
"TM20S","11/9/2016","18.2","6.40","","27.5","","27.10","7.95","","","","","","","","","","","","","","","","","","","","","","",""
"TM20ZF","11/9/2016","18.6","6.21","","27.3","","26.60","7.80","","","","","","","","","","","","","","","","","","","","","","",""
"TM25F","11/9/2016","17.3","0.00","","25.1","","4.75","7.16","","","","","","","","","","","","","","","","","","","","","","",""
"TM25S","11/9/2016","16.9","7.48","","27.2","","7.43","8.44","","","","","","","","","","","","","","","","","","","","","","",""
"TM25ZF","11/9/2016","17.2","7.33","","26.9","","6.99","8.32","","","","","","","","","","","","","","","","","","","","","","",""
"TM30F","11/8/2016","17.9","7.31","","29.3","","10.60","8.41","","","","","","","","","","","","","","","","","","","","","","",""
"TM30S","11/8/2016","18.2","7.72","","30.9","","7.69","8.53","","","","","","","","","","","","","","","","","","","","","","",""
"TM30ZF","11/8/2016","18.1","7.71","","29.8","","5.46","8.55","","","","","","","","","","","","","","","","","","","","","","",""
"TM35F","11/9/2016","17.1","0.00","","25.1","","3.96","6.89","","","","","","","","","","","","","","","","","","","","","","",""
"TM35S","11/9/2016","18.1","7.40","","31.2","","3.93","8.45","","","","","","","","","","","","","","","","","","","","","","",""
"TM35ZF","11/9/2016","16.8","7.49","","28.0","","3.77","8.39","","","","","","","","","","","","","","","","","","","","","","",""
"TM40F","11/8/2016","17.3","0.00","","23.7","","1.64","6.95","","","","","","","","","","","","","","","","","","","","","","",""
"TM40S","11/8/2016","19.6","7.29","","28.0","","2.76","8.32","","","","","","","","","","","","","","","","","","","","","","",""
"TM40ZF","11/8/2016","18.6","7.25","","27.6","","2.65","8.31","","","","","","","","","","","","","","","","","","","","","","",""
"TM45S","11/8/2016","21.3","5.63","","25.7","","6.21","7.86","","","","","","","","","","","","","","","","","","","","","","",""
"TM50S","11/8/2016","20.1","6.44","","25.5","","6.64","8.00","","","","","","","","","","","","","","","","","","","","","","",""
"TM55S","11/8/2016","28.2","7.35","","25.3","","53.90","8.80","","","","","","","","","","","","","","","","","","","","","","",""
"TM10S","2/17/2017","79.3","6.99","","27.7","","44.10","8.33","","","","","","","","","","","","","","","","","","","","","","",""
"TM15F","2/17/2017","69.8","6.4","","26.4","","4.65","7.79","","","","","","","","","","","","","","","","","","","","","","",""
"TM15S","2/17/2017","71.4","6.61","","28.5","1","8.48","8.12","","","","","","","","","","","","","","","","","","","","","","",""
"TM15ZF","2/17/2017","71.2","6.6","","28.4","","4.71","8.10","","","","","","","","","","","","","","","","","","","","","","",""
"TM20F","2/17/2017","61.4","6.77","","26.5","","22.40","7.95","","","","","","","","","","","","","","","","","","","","","","",""
"TM20S","2/17/2017","62.3","6.93","","27.8","5","29.60","8.22","","","","","","","","","","","","","","","","","","","","","","",""
"TM20ZF","2/17/2017","62.1","6.92","","27.4","","23.70","8.23","","","","","","","","","","","","","","","","","","","","","","",""
"TM25F","2/17/2017","83.2","6.8","","26.3","","7.48","7.80","","","","","","","","","","","","","","","","","","","","","","",""
"TM25S","2/17/2017","83.5","6.89","","27.2","1","9.64","7.87","","","","","","","","","","","","","","","","","","","","","","",""
"TM25ZF","2/17/2017","83.5","6.89","","27.1","","6.16","7.86","","","","","","","","","","","","","","","","","","","","","","",""
"TM30F","2/16/2017","89.5","6.19","","26.7","","6.24","7.83","","","","","","","","","","","","","","","","","","","","","","",""
"TM30S","2/16/2017","86.5","6.38","","28.6","1","3.71","7.91","","","","","","","","","","","","","","","","","","","","","","",""
"TM30ZF","2/16/2017","86.8","6.38","","28.5","","4.04","7.90","","","","","","","","","","","","","","","","","","","","","","",""
"TM35F","2/16/2017","85.0","6.58","","28.4","","4.47","7.90","","","","","","","","","","","","","","","","","","","","","","",""
"TM35S","2/16/2017","82.5","6.68","","29.2","2","5.18","8.27","","","","","","","","","","","","","","","","","","","","","","",""
"TM35ZF","2/16/2017","82.7","6.67","","29.1","","4.03","8.20","","","","","","","","","","","","","","","","","","","","","","",""
"TM40F","2/16/2017","77.8","6.39","","27.0","","4.87","7.76","","","","","","","","","","","","","","","","","","","","","","",""
"TM40S","2/16/2017","76.4","6.47","","28.7","2","6.60","7.86","","","","","","","","","","","","","","","","","","","","","","",""
"TM40ZF","2/16/2017","76.6","6.47","","28.6","","5.39","7.86","","","","","","","","","","","","","","","","","","","","","","",""
"TM45S","2/14/2017","79.1","7.68","","25.0","","39.00","6.86","","","","","","","","","","","","","","","","","","","","","","",""
"TM50S","2/14/2017","99.4","7.72","","26.4","","62.90","7.08","","","","","","","","","","","","","","","","","","","","","","",""
"TM55S","2/14/2017","48.0","7.44","","25.5","","745.00","7.63","","","","","","","","","","","","","","","","","","","","","","",""
"TM35F","2/28/2018","63.0","0.00","","18.5","","121.00","7.00","","","","","","","","","","","","","","","","","","","","","","",""
"TM35S","2/28/2018","69.0","7.78","","23.6","N.A.","5.54","7.89","","","","","","","","","","","","","","","","","","","","","","",""
"TM35ZF","2/28/2018","78.0","7.76","","23.2","","5.12","7.50","","","","","","","","","","","","","","","","","","","","","","",""
"TM40F","2/27/2018","73.0","0.00","","21.9","","85.60","6.19","","","","","","","","","","","","","","","","","","","","","","",""
"TM40S","2/27/2018","74.0","7.33","","26.8","N.A.","3.19","6.20","","","","","","","","","","","","","","","","","","","","","","",""
"TM40ZF","2/27/2018","76.0","7.35","","26.5","","2.45","6.91","","","","","","","","","","","","","","","","","","","","","","",""
"TM45S","2/28/2018","108.0","5.83","","26.3","","44.10","7.13","","","","","","","","","","","","","","","","","","","","","","",""
"TM50S","2/28/2018","100.0","5.89","","27.0","","43.20","6.99","","","","","","","","","","","","","","","","","","","","","","",""
"TM10S","3/2/2018","67.0","6.00","","26.9","","349.00","8.17","","","","","","","","","","","","","","","","","","","","","","",""
"TM15F","3/2/2018","66.0","4.22","","20.6","","74.50","8.00","","","","","","","","","","","","","","","","","","","","","","",""
"TM15S","3/2/2018","72.0","8.81","","23.8","N.A.","10.10","8.43","","","","","","","","","","","","","","","","","","","","","","",""
"TM15ZF","3/2/2018","73.0","7.82","","22.4","","9.26","8.28","","","","","","","","","","","","","","","","","","","","","","",""
"TM20F","3/2/2018","62.0","5.44","","20.1","","94.50","8.26","","","","","","","","","","","","","","","","","","","","","","",""
"TM20S","3/2/2018","74.0","9.24","","24.8","N.A.","14.20","8.58","","","","","","","","","","","","","","","","","","","","","","",""
"TM20ZF","3/2/2018","74.0","9.00","","24.3","","13.00","8.66","","","","","","","","","","","","","","","","","","","","","","",""
"TM25F","3/2/2018","72.0","4.08","","20.0","","5.41","7.32","","","","","","","","","","","","","","","","","","","","","","",""
"TM25S","3/2/2018","75.0","8.11","","24.9","N.A.","4.98","8.65","","","","","","","","","","","","","","","","","","","","","","",""
"TM25ZF","3/2/2018","79.0","7.85","","24.5","","20.30","8.38","","","","","","","","","","","","","","","","","","","","","","",""
"TM30F","3/1/2018","78.0","6.18","","24.6","","6.41","8.00","","","","","","","","","","","","","","","","","","","","","","",""
"TM30S","3/1/2018","80.0","9.85","","25.8","N.A.","6.61","8.73","","","","","","","","","","","","","","","","","","","","","","",""
"TM30ZF","3/1/2018","79.0","8.23","","25.7","","8.17","9.12","","","","","","","","","","","","","","","","","","","","","","",""
"TM55S","3/1/2018","31.0","6.88","","27.4","","2370.00","8.41","","","","","","","","","","","","","","","","","","","","","","",""
"TM10S","5/16/2018","76.0","9.02","","24.0","","15.60","7.73","","","","","","","","","","","","","","","","","","","","","","",""
"TM15F","5/17/2018","66.0","4.88","","24.1","","5.07","7.06","","","","","","","","","","","","","","","","","","","","","","",""
"TM15S","5/17/2018","64.0","7.76","","25.1","N.A.","4.78","7.48","","","","","","","","","","","","","","","","","","","","","","",""
"TM15ZF","5/17/2018","64.0","7.64","","25.0","","5.10","7.19","","","","","","","","","","","","","","","","","","","","","","",""
"TM20F","5/17/2018","67.0","5.33","","23.1","","3.43","7.21","","","","","","","","","","","","","","","","","","","","","","",""
"TM20S","5/17/2018","64.0","7.72","","25.0","N.A.","3.92","7.37","","","","","","","","","","","","","","","","","","","","","","",""
"TM20ZF","5/17/2018","64.0","7.41","","24.8","","3.57","7.30","","","","","","","","","","","","","","","","","","","","","","",""
"TM25F","5/17/2018","68.0","4.82","","23.9","","7.53","5.79","","","","","","","","","","","","","","","","","","","","","","",""
"TM25S","5/17/2018","60.0","7.18","","25.3","N.A.","8.89","6.93","","","","","","","","","","","","","","","","","","","","","","",""
"TM25ZF","5/17/2018","62.0","6.78","","24.9","","8.08","6.40","","","","","","","","","","","","","","","","","","","","","","",""
"TM30F","5/16/2018","64.0","5.71","","24.6","","3.46","7.16","","","","","","","","","","","","","","","","","","","","","","",""
"TM30S","5/16/2018","63.0","6.75","","25.2","N.A.","3.50","7.23","","","","","","","","","","","","","","","","","","","","","","",""
"TM30ZF","5/16/2018","63.0","6.68","","25.0","","2.97","7.06","","","","","","","","","","","","","","","","","","","","","","",""
"TM35F","5/16/2018","62.0","4.86","","23.6","","6.35","7.22","","","","","","","","","","","","","","","","","","","","","","",""
"TM35S","5/16/2018","60.0","7.30","","25.4","N.A.","9.18","7.53","","","","","","","","","","","","","","","","","","","","","","",""
"TM35ZF","5/16/2018","62.0","6.93","","25.2","","7.72","7.23","","","","","","","","","","","","","","","","","","","","","","",""
"TM40F","5/15/2018","64.0","4.12","","23.8","","8.31","7.23","","","","","","","","","","","","","","","","","","","","","","",""
"TM40S","5/15/2018","57.0","6.71","","24.8","N.A.","5.88","7.00","","","","","","","","","","","","","","","","","","","","","","",""
"TM40ZF","5/15/2018","63.0","6.14","","24.6","","5.46","7.14","","","","","","","","","","","","","","","","","","","","","","",""
"TM45S","5/15/2018","53.0","2.53","","24.0","","22.40","7.21","","","","","","","","","","","","","","","","","","","","","","",""
"TM50S","5/15/2018","102.0","4.19","","24.6","","20.50","7.32","","","","","","","","","","","","","","","","","","","","","","",""
"TM55S","5/15/2018","77.0","8.78","","25.1","","6.16","8.00","","","","","","","","","","","","","","","","","","","","","","",""
"TM10S","8/23/2018","88.0","15.40","","23.7","","6.81","6.14","","","","","","","","","","","","","","","","","","","","","","",""
"TM15F","8/23/2018","65.0","4.36","","22.5","","3.21","5.75","","","","","","","","","","","","","","","","","","","","","","",""
"TM15S","8/23/2018","64.0","15.40","","23.5","2.00","2.99","5.44","","","","","","","","","","","","","","","","","","","","","","",""
"TM15ZF","8/23/2018","65.0","10.60","","23.2","","4.30","5.86","","","","","","","","","","","","","","","","","","","","","","",""
"TM20F","8/23/2018","69.0","7.45","","22.1","","4.23","6.60","","","","","","","","","","","","","","","","","","","","","","",""
"TM20S","8/23/2018","68.0","15.80","","22.5","2.00","3.21","6.70","","","","","","","","","","","","","","","","","","","","","","",""
"TM20ZF","8/23/2018","68.0","11.20","","22.0","","3.42","6.32","","","","","","","","","","","","","","","","","","","","","","",""
"TM25F","8/22/2018","67.0","5.96","","22.9","","3.88","5.92","","","","","","","","","","","","","","","","","","","","","","",""
"TM25S","8/22/2018","69.0","14.80","","23.5","2.00","4.21","5.11","","","","","","","","","","","","","","","","","","","","","","",""
"TM25ZF","8/22/2018","69.0","11.40","","23.3","","3.95","5.69","","","","","","","","","","","","","","","","","","","","","","",""
"TM30F","8/22/2018","63.0","8.51","","23.5","","3.52","4.59","","","","","","","","","","","","","","","","","","","","","","",""
"TM30S","8/22/2018","63.0","15.80","","24.5","2.00","3.41","4.80","","","","","","","","","","","","","","","","","","","","","","",""
"TM30ZF","8/22/2018","63.0","8.86","","23.6","","4.30","4.80","","","","","","","","","","","","","","","","","","","","","","",""
"TM35F","8/22/2018","63.0","5.08","","22.6","","2.68","6.45","","","","","","","","","","","","","","","","","","","","","","",""
"TM35S","8/22/2018","61.0","14.50","","23.4","2.00","2.95","6.47","","","","","","","","","","","","","","","","","","","","","","",""
"TM35ZF","8/22/2018","61.0","13.60","","23.5","","3.19","6.60","","","","","","","","","","","","","","","","","","","","","","",""
"TM40F","8/21/2018","63.0","5.45","","21.1","","3.65","6.58","","","","","","","","","","","","","","","","","","","","","","",""
"TM40S","8/21/2018","61.0","11.10","","23.5","2.00","2.33","7.49","","","","","","","","","","","","","","","","","","","","","","",""
"TM40ZF","8/21/2018","62.0","9.12","","22.4","","2.45","7.40","","","","","","","","","","","","","","","","","","","","","","",""
"TM45S","8/21/2018","63.0","9.14","","23.5","","3.04","6.99","","","","","","","","","","","","","","","","","","","","","","",""
"TM50S","8/21/2018","68.0","9.57","","24.2","","5.19","6.62","","","","","","","","","","","","","","","","","","","","","","",""
"TM55S","8/21/2018","71.0","10.50","","23.3","","4.28","6.97","","","","","","","","","","","","","","","","","","","","","","",""
"TM10S","11/23/2018","64.8","4.93","","23.5","","180.00","7.03","","","","","","","","","","","","","","","","","","","","","","",""
"TM15F","11/22/2018","62.0","4.82","","26.4","","29.80","7.16","","","","","","","","","","","","","","","","","","","","","","",""
"TM15S","11/22/2018","68.1","8.21","","26.8","0.65","9.30","7.66","","","","","","","","","","","","","","","","","","","","","","",""
"TM15ZF","11/22/2018","66.1","7.59","","26.8","","14.90","6.45","","","","","","","","","","","","","","","","","","","","","","",""
"TM20F","11/22/2018","60.1","6.49","","26.5","","60.20","6.33","","","","","","","","","","","","","","","","","","","","","","",""
"TM20S","11/22/2018","61.3","7.35","","26.2","0.20","51.70","7.44","","","","","","","","","","","","","","","","","","","","","","",""
"TM20ZF","11/22/2018","61.3","7.35","","26.2","","50.70","7.44","","","","","","","","","","","","","","","","","","","","","","",""
"TM25F","11/22/2018","67.4","5.30","","25.5","","17.50","6.46","","","","","","","","","","","","","","","","","","","","","","",""
"TM25S","11/22/2018","77.0","6.30","","26.4","2.50","3.06","6.63","","","","","","","","","","","","","","","","","","","","","","",""
"TM25ZF","11/22/2018","73.9","7.12","","26.4","","5.80","6.10","","","","","","","","","","","","","","","","","","","","","","",""
"TM30F","11/21/2018","63.5","7.74","","27.3","","6.36","6.76","","","","","","","","","","","","","","","","","","","","","","",""
"TM30S","11/21/2018","71.9","7.38","","27.2","1.50","4.39","7.16","","","","","","","","","","","","","","","","","","","","","","",""
"TM30ZF","11/21/2018","63.1","7.79","","27.3","","5.25","6.62","","","","","","","","","","","","","","","","","","","","","","",""
"TM35F","11/21/2018","59.3","3.74","","25.4","","25.00","6.89","","","","","","","","","","","","","","","","","","","","","","",""
"TM35S","11/21/2018","81.9","6.43","","25.7","2.50","3.19","7.45","","","","","","","","","","","","","","","","","","","","","","",""
"TM35ZF","11/21/2018","63.7","5.58","","25.6","","3.63","7.11","","","","","","","","","","","","","","","","","","","","","","",""
"TM40F","11/20/2018","55.5","6.68","","26.4","","58.70","7.03","","","","","","","","","","","","","","","","","","","","","","",""
"TM40S","11/20/2018","78.1","5.29","","26.7","2.00","3.38","7.09","","","","","","","","","","","","","","","","","","","","","","",""
"TM40ZF","11/20/2018","60.2","5.85","","26.9","","3.28","6.70","","","","","","","","","","","","","","","","","","","","","","",""
"TM50S","11/20/2018","81.0","4.81","","24.6","","7.22","7.43","","","","","","","","","","","","","","","","","","","","","","",""
"TM55S","11/20/2018","57.0","6.14","","25.9","","1970.00","7.59","","","","","","","","","","","","","","","","","","","","","","",""
"TM15F","2/28/2019","52.2","7.12","","26.3","","6.57","8.37","","","","","","","","","","","","","","","","","","","","","","",""
"TM15S","2/28/2019","53.5","8.19","","29.4","1.50","4.65","8.18","","","","","","","","","","","","","","","","","","","","","","",""
"TM15ZF","2/28/2019","52.3","7.32","","27.3","","5.45","8.54","","","","","","","","","","","","","","","","","","","","","","",""
"TM20F","2/28/2019","6.4","5.78","","26.7","","118.00","8.20","","","","","","","","","","","","","","","","","","","","","","",""
"TM20S","2/28/2019","51.6","7.88","","28.7","1.00","5.53","7.86","","","","","","","","","","","","","","","","","","","","","","",""
"TM20ZF","2/28/2019","51.4","7.36","","29.5","","8.19","8.31","","","","","","","","","","","","","","","","","","","","","","",""
"TM25F","2/28/2019","58.9","1.03","","26.3","","8.90","7.98","","","","","","","","","","","","","","","","","","","","","","",""
"TM25S","2/28/2019","54.0","7.48","","30.0","2.25","4.46","8.17","","","","","","","","","","","","","","","","","","","","","","",""
"TM25ZF","2/28/2019","55.1","7.26","","28.3","","6.09","8.37","","","","","","","","","","","","","","","","","","","","","","",""
"TM30F","2/27/2019","52.0","6.75","","30.6","","2.08","7.87","","","","","","","","","","","","","","","","","","","","","","",""
"TM30S","2/27/2019","53.2","6.87","","31.2","2.25","4.02","7.22","","","","","","","","","","","","","","","","","","","","","","",""
"TM30ZF","2/27/2019","51.0","6.10","","31.4","","4.29","7.70","","","","","","","","","","","","","","","","","","","","","","",""
"TM35F","2/27/2019","45.3","1.74","","25.3","","53.10","7.29","","","","","","","","","","","","","","","","","","","","","","",""
"TM35S","2/27/2019","49.8","6.22","","29.3","3.00","2.10","7.10","","","","","","","","","","","","","","","","","","","","","","",""
"TM35ZF","2/27/2019","48.7","6.08","","29.5","","2.44","7.56","","","","","","","","","","","","","","","","","","","","","","",""
"TM40F","2/27/2019","46.0","1.04","","28.7","","8.96","7.44","","","","","","","","","","","","","","","","","","","","","","",""
"TM40S","2/27/2019","47.9","6.71","","32.0","2.00","2.13","7.66","","","","","","","","","","","","","","","","","","","","","","",""
"TM40ZF","2/27/2019","48.0","6.04","","30.3","","2.88","7.65","","","","","","","","","","","","","","","","","","","","","","",""
"TM45S","2/26/2019","48.6","5.37","","26.1","","14.30","7.02","","","","","","","","","","","","","","","","","","","","","","",""
"TM50S","2/26/2019","43.5","2.22","","26.0","","15.10","6.95","","","","","","","","","","","","","","","","","","","","","","",""
"TM55S","2/26/2019","48.9","5.40","","29.5","","442.00","6.02","","","","","","","","","","","","","","","","","","","","","","",""
"TM10S","3/1/2019","50.4","6.57","","25.8","","211.00","7.89","","","","","","","","","","","","","","","","","","","","","","",""
"TM10S","5/23/2019","188.0","87.00","","21.1","","117.00","7.66","","","","","","","","","","","","","","","","","","","","","","",""
"TM15F","5/22/2019","107.0","3.56","","25.8","","3.40","7.91","","","","","","","","","","","","","","","","","","","","","","",""
"TM15S","5/22/2019","97.0","6.19","","27.6","3.00","2.74","7.89","","","","","","","","","","","","","","","","","","","","","","",""
"TM15ZF","5/22/2019","93.0","5.84","","27.0","","4.78","7.65","","","","","","","","","","","","","","","","","","","","","","",""
"TM20F","5/22/2019","102.0","4.50","","24.3","","5.15","7.90","","","","","","","","","","","","","","","","","","","","","","",""
"TM20S","5/22/2019","101.0","6.69","","27.2","3.00","6.38","5.86","","","","","","","","","","","","","","","","","","","","","","",""
"TM20ZF","5/22/2019","102.0","5.47","","26.6","","3.99","6.62","","","","","","","","","","","","","","","","","","","","","","",""
"TM25F","5/22/2019","109.0","0.00","","25.9","","109.00","7.95","","","","","","","","","","","","","","","","","","","","","","",""
"TM25S","5/22/2019","107.0","6.03","","27.6","5.00","4.47","6.95","","","","","","","","","","","","","","","","","","","","","","",""
"TM25ZF","5/22/2019","112.0","4.89","","26.8","","4.44","7.35","","","","","","","","","","","","","","","","","","","","","","",""
"TM30F","5/22/2019","102.0","4.10","","26.5","","3.56","7.90","","","","","","","","","","","","","","","","","","","","","","",""
"TM30S","5/22/2019","106.0","6.38","","27.3","4.00","3.10","7.11","","","","","","","","","","","","","","","","","","","","","","",""
"TM30ZF","5/22/2019","102.0","5.36","","26.9","","3.39","6.73","","","","","","","","","","","","","","","","","","","","","","",""
"TM35F","5/21/2019","82.0","0.32","","26.4","","8.16","8.84","","","","","","","","","","","","","","","","","","","","","","",""
"TM35S","5/21/2019","91.0","5.64","","27.8","2.00","6.86","6.61","","","","","","","","","","","","","","","","","","","","","","",""
"TM35ZF","5/21/2019","91.0","5.27","","27.4","","8.09","6.21","","","","","","","","","","","","","","","","","","","","","","",""
"TM40F","5/21/2019","101.0","0.00","","26.0","","10.70","7.79","","","","","","","","","","","","","","","","","","","","","","",""
"TM40S","5/21/2019","93.0","6.39","","28.0","8.00","2.92","6.39","","","","","","","","","","","","","","","","","","","","","","",""
"TM40ZF","5/21/2019","93.0","5.90","","27.8","","3.19","6.98","","","","","","","","","","","","","","","","","","","","","","",""
"TM45S","5/21/2019","168.0","6.72","","25.5","","20.90","7.78","","","","","","","","","","","","","","","","","","","","","","",""
"TM50S","5/21/2019","215.0","5.88","","25.1","","24.50","7.21","","","","","","","","","","","","","","","","","","","","","","",""
"TM55S","5/21/2019","78.0","7.42","","22.0","","896.00","7.75","","","","","","","","","","","","","","","","","","","","","","",""
"TM10S","8/20/2019","122.0","6.35","","22.7","","3.78","6.39","","","","","","","","","","","","","","","","","","","","","","",""
"TM15S","8/21/2019","77.8","6.50","","24.6","3.00","1.03","7.68","","","","","","","","","","","","","","","","","","","","","","",""
"TM20S","8/21/2019","78.6","68.80","","24.1","4.00","0.89","7.78","","","","","","","","","","","","","","","","","","","","","","",""
"TM25S","8/21/2019","79.8","6.93","","24.3","3.00","1.60","7.69","","","","","","","","","","","","","","","","","","","","","","",""
"TM30F","8/22/2019","71.0","5.01","","23.0","","0.56","7.60","","","","","","","","","","","","","","","","","","","","","","",""
"TM30S","8/22/2019","74.0","7.05","","24.5","4.00","1.61","7.58","","","","","","","","","","","","","","","","","","","","","","",""
"TM30ZF","8/22/2019","72.5","6.43","","23.5","","0.71","7.58","","","","","","","","","","","","","","","","","","","","","","",""
"TM35F","8/22/2019","72.9","2.83","","22.6","","1.45","7.70","","","","","","","","","","","","","","","","","","","","","","",""
"TM35S","8/22/2019","73.1","6.87","","24.3","5.00","0.53","7.68","","","","","","","","","","","","","","","","","","","","","","",""
"TM35ZF","8/22/2019","72.9","5.35","","23.8","","0.36","7.66","","","","","","","","","","","","","","","","","","","","","","",""
"TM40F","8/22/2019","81.0","0.00","","22.4","","0.54","7.70","","","","","","","","","","","","","","","","","","","","","","",""
"TM40S","8/22/2019","85.0","6.80","","24.4","5.00","0.82","7.42","","","","","","","","","","","","","","","","","","","","","","",""
"TM40ZF","8/22/2019","83.1","5.32","","24.0","","1.33","7.58","","","","","","","","","","","","","","","","","","","","","","",""
"TM45S","8/20/2019","107.0","6.45","","23.3","","1.99","7.66","","","","","","","","","","","","","","","","","","","","","","",""
"TM50S","8/20/2019","131.0","6.65","","20.9","","1.75","6.35","","","","","","","","","","","","","","","","","","","","","","",""
"TM55S","8/20/2019","111.0","6.66","","23.8","","5.23","6.90","","","","","","","","","","","","","","","","","","","","","","",""
"TM10S","10/8/2019","","","","28.0","1.00","","7.15","","","","","","","","","","","","","","","","","","","","","","",""
"TM10S","11/19/2019","253.0","6.95","","27.6","","38.90","6.67","","","","","","","","","","","","","","","","","","","","","","",""
"TM15F","11/20/2019","99.0","2.05","","26.0","","1.77","6.85","","","","","","","","","","","","","","","","","","","","","","",""
"TM15S","11/20/2019","113.0","7.14","","28.4","2.00","3.59","6.70","","","","","","","","","","","","","","","","","","","","","","",""
"TM15ZF","11/20/2019","115.0","6.00","","27.0","","1.39","6.95","","","","","","","","","","","","","","","","","","","","","","",""
"TM20F","11/20/2019","103.0","3.01","","27.1","","6.07","6.19","","","","","","","","","","","","","","","","","","","","","","",""
"TM20S","11/20/2019","112.0","6.39","","28.0","1.50","3.56","6.25","","","","","","","","","","","","","","","","","","","","","","",""
"TM20ZF","11/20/2019","108.0","5.99","","27.5","","2.73","6.12","","","","","","","","","","","","","","","","","","","","","","",""
"TM25F","11/20/2019","108.0","3.01","","26.5","","7.11","6.64","","","","","","","","","","","","","","","","","","","","","","",""
"TM25S","11/20/2019","111.0","7.06","","28.4","2.00","3.23","6.09","","","","","","","","","","","","","","","","","","","","","","",""
"TM25ZF","11/20/2019","96.0","6.98","","27.6","","3.35","6.51","","","","","","","","","","","","","","","","","","","","","","",""
"TM30F","11/21/2019","96.0","6.72","","28.0","","27.10","6.74","","","","","","","","","","","","","","","","","","","","","","",""
"TM30S","11/21/2019","104.0","6.76","","28.5","1.00","9.08","6.85","","","","","","","","","","","","","","","","","","","","","","",""
"TM30ZF","11/21/2019","85.0","6.73","","28.3","","30.90","6.62","","","","","","","","","","","","","","","","","","","","","","",""
"TM35F","11/21/2019","92.0","2.85","","26.5","","4.86","6.00","","","","","","","","","","","","","","","","","","","","","","",""
"TM35S","11/21/2019","96.0","6.96","","28.5","3.00","7.81","6.28","","","","","","","","","","","","","","","","","","","","","","",""
"TM35ZF","11/21/2019","97.0","7.13","","28.0","","8.12","6.01","","","","","","","","","","","","","","","","","","","","","","",""
"TM40F","11/20/2019","103.0","0.98","","25.5","","0.88","6.44","","","","","","","","","","","","","","","","","","","","","","",""
"TM40S","11/20/2019","94.0","6.98","","28.5","4.00","1.08","6.55","","","","","","","","","","","","","","","","","","","","","","",""
"TM40ZF","11/20/2019","90.0","6.60","","27.8","","1.32","6.73","","","","","","","","","","","","","","","","","","","","","","",""
"TM45S","11/19/2019","207.0","4.72","","24.9","","0.81","6.63","","","","","","","","","","","","","","","","","","","","","","",""
"TM50S","11/19/2019","265.0","5.38","","25.2","","1.28","6.19","","","","","","","","","","","","","","","","","","","","","","",""
"TM55S","11/19/2019","78.0","6.97","","25.9","","3525.00","7.72","","","","","","","","","","","","","","","","","","","","","","",""
"TM10S","2/18/2020","95.8","4.07","","25.2","","180.00","6.42","","","","","","","","","","","","","","","","","","","","","","",""
"TM15F","2/19/2020","143.0","0.54","","24.0","","75.30","4.03","","","","","","","","","","","","","","","","","","","","","","",""
"TM15S","2/19/2020","117.0","8.13","","30.7","3.00","6.34","7.61","","","","","","","","","","","","","","","","","","","","","","",""
"TM15ZF","2/19/2020","145.0","4.98","","29.8","","8.02","7.84","","","","","","","","","","","","","","","","","","","","","","",""
"TM20F","2/19/2020","140.0","1.85","","21.0","","218.00","4.50","","","","","","","","","","","","","","","","","","","","","","",""
"TM20S","2/19/2020","135.0","8.37","","28.3","3.00","10.50","7.59","","","","","","","","","","","","","","","","","","","","","","",""
"TM20ZF","2/19/2020","123.0","7.44","","28.6","","31.40","6.89","","","","","","","","","","","","","","","","","","","","","","",""
"TM25F","2/19/2020","186.0","0.26","","21.0","","840.00","2.53","","","","","","","","","","","","","","","","","","","","","","",""
"TM25S","2/19/2020","133.0","7.05","","31.0","4.00","3.53","7.04","","","","","","","","","","","","","","","","","","","","","","",""
"TM25ZF","2/19/2020","115.0","4.40","","26.0","","30.30","7.28","","","","","","","","","","","","","","","","","","","","","","",""
"TM30F","2/20/2020","180.0","0.70","","22.0","","42.50","8.52","","","","","","","","","","","","","","","","","","","","","","",""
"TM30S","2/20/2020","146.0","6.25","","30.3","3.00","3.08","7.47","","","","","","","","","","","","","","","","","","","","","","",""
"TM30ZF","2/20/2020","140.0","5.15","","27.2","","3.92","7.17","","","","","","","","","","","","","","","","","","","","","","",""
"TM35F","2/20/2020","160.0","0.49","","22.0","","1280.00","8.13","","","","","","","","","","","","","","","","","","","","","","",""
"TM35S","2/20/2020","134.0","5.36","","29.1","4.00","1.30","7.50","","","","","","","","","","","","","","","","","","","","","","",""
"TM35ZF","2/20/2020","140.0","4.85","","26.0","","34.00","6.59","","","","","","","","","","","","","","","","","","","","","","",""
"TM40F","2/20/2020","118.0","0.18","","23.0","","19.10","8.30","","","","","","","","","","","","","","","","","","","","","","",""
"TM40S","2/21/2020","61.1","6.10","","28.0","5.00","2.30","6.43","","","","","","","","","","","","","","","","","","","","","","",""
"TM40ZF","2/20/2020","90.0","5.66","","26.0","","1.31","7.60","","","","","","","","","","","","","","","","","","","","","","",""
"TM45S","2/18/2020","65.1","4.39","","25.2","","31.20","6.52","","","","","","","","","","","","","","","","","","","","","","",""
"TM50S","2/20/2020","79.9","7.40","","26.0","","21.70","6.62","","","","","","","","","","","","","","","","","","","","","","",""
"TM55S","2/18/2020","71.3","5.13","","25.8","","2300.00","5.35","","","","","","","","","","","","","","","","","","","","","","",""
"TM10S","5/5/2020","91.0","8.75","","24.1","","52.00","7.50","","","","","","","","","","","","","","","","","","","","","","",""
"TM15F","5/7/2020","69.0","0.20","","24.9","","27.00","7.50","","","","","","","","","","","","","","","","","","","","","","",""
"TM15S","5/7/2020","67.0","6.80","","26.0","3.00","5.65","7.23","","","","","","","","","","","","","","","","","","","","","","",""
"TM15ZF","5/7/2020","66.0","6.00","","25.9","","6.16","6.99","","","","","","","","","","","","","","","","","","","","","","",""
"TM20F","5/7/2020","68.9","3.10","","24.9","","33.10","7.52","","","","","","","","","","","","","","","","","","","","","","",""
"TM20S","5/7/2020","67.8","6.70","","26.0","3.00","6.60","7.40","","","","","","","","","","","","","","","","","","","","","","",""
"TM20ZF","5/7/2020","68.3","6.60","","25.4","","5.32","7.36","","","","","","","","","","","","","","","","","","","","","","",""
"TM25F","5/7/2020","68.0","3.45","","24.0","","92.00","7.38","","","","","","","","","","","","","","","","","","","","","","",""
"TM25S","5/7/2020","69.4","6.90","","26.3","2.50","6.73","7.44","","","","","","","","","","","","","","","","","","","","","","",""
"TM25ZF","5/7/2020","68.0","6.80","","18.0","","7.52","7.46","","","","","","","","","","","","","","","","","","","","","","",""
"TM30F","5/6/2020","72.3","5.96","","25.7","","7.27","7.38","","","","","","","","","","","","","","","","","","","","","","",""
"TM30S","5/6/2020","68.1","6.50","","26.6","2.60","5.10","7.30","","","","","","","","","","","","","","","","","","","","","","",""
"TM30ZF","5/6/2020","70.9","6.30","","26.4","","4.58","7.34","","","","","","","","","","","","","","","","","","","","","","",""
"TM35F","5/6/2020","62.5","0.30","","24.8","","6.33","7.61","","","","","","","","","","","","","","","","","","","","","","",""
"TM35S","5/6/2020","69.0","6.90","","26.1","4.00","3.78","7.47","","","","","","","","","","","","","","","","","","","","","","",""
"TM35ZF","5/6/2020","69.3","5.83","","25.9","","6.71","7.38","","","","","","","","","","","","","","","","","","","","","","",""
"TM40F","5/6/2020","46.6","0.00","","24.0","","59.20","6.95","","","","","","","","","","","","","","","","","","","","","","",""
"TM40S","5/6/2020","69.2","7.38","","26.7","4.75","3.99","7.36","","","","","","","","","","","","","","","","","","","","","","",""
"TM40ZF","5/6/2020","67.4","7.00","","26.3","","5.13","7.33","","","","","","","","","","","","","","","","","","","","","","",""
"TM45S","5/5/2020","88.0","6.55","","25.3","","54.90","7.26","","","","","","","","","","","","","","","","","","","","","","",""
"TM50S","5/5/2020","99.1","6.85","","26.1","","57.90","7.08","","","","","","","","","","","","","","","","","","","","","","",""
"TM55S","5/5/2020","98.0","6.51","","23.9","","20.90","7.02","","","","","","","","","","","","","","","","","","","","","","",""
"TM45S","4/28/2016","","5.9","","25.6","","","7.5","0.2","1.07","0.02","0.4","","","","3","","158","","","","","","","","","","","","",""
"TM50S","4/28/2016","","6.2","","24.2","","","7","0.2","1.07","0.07","0.5","","","","3","","177.9","","","","","","","","","","","","",""
"TM55S","4/28/2016","","8.6","","25","","","7.3","0.2","1.07","0.02","0.2","","","","3","","171.2","","","","","","","","","","","","",""
"TM40S","4/29/2016","","6.04","","27.1","","","7.63","0.2","1.07","0.02","0.3","","","","3","","122.5","","","","","","","","","","","","",""
"TM40F","4/29/2016","","0","","25.9","","","5.92","32","","","","","","","","","182.4","","","","","","","","","","","","",""
"TM40ZF","4/29/2016","","6","","27.1","","","7.5","3","","","","","","","","","131.4","","","","","","","","","","","","",""
"TM25ZF","5/3/2016","","5.78","","26.2","","","8","1","","","","","","","","","182.5","","","","","","","","","","","","",""
"TM25F","5/3/2016","","5.6","","25.2","","","7.15","1","","","","","","","","","204.5","","","","","","","","","","","","",""
"TM25S","5/3/2016","","6","","26.3","","","8.44","0.2","1.07","0.02","0.5","","","","","","176.6","","","","","","","","","","","","",""
"TM20ZF","5/3/2016","","7.86","","25.9","","","7","2","","","","","","","","","212.4","","","","","","","","","","","","",""
"TM20S","5/3/2016","","8","","26.4","","","7.8","0.2","1.07","0.02","0.3","","","","3","","209.2","","","","","","","","","","","","",""
"TM20F","5/3/2016","","7.06","","25.6","","","6.8","10","","","","","","","","","221.9","","","","","","","","","","","","",""
"TM15ZF","5/3/2016","","5.8","","25.7","","","6.6","2","","","","","","","","","225.3","","","","","","","","","","","","",""
"TM15F","5/3/2016","","6.1","","26.4","","","7.5","2","","","","","","","","","186.1","","","","","","","","","","","","",""
"TM15S","5/3/2016","","6.43","","27.2","","","7.4","0.2","1.07","0.02","0.3","","","","3.48","","191.8","","","","","","","","","","","","",""
"TM30F","5/4/2016","","6.1","","26.3","","","7.6","2","","","","","","","","","162.8","","","","","","","","","","","","",""
"TM30ZF","5/4/2016","","6.18","","26.3","","","7.7","2","","","","","","","","","162","","","","","","","","","","","","",""
"TM30S","5/4/2016","","6.18","","26.2","","","7.8","0.2","1.07","0.02","0.2","","","","3","","163.1","","","","","","","","","","","","",""
"TM35S","5/4/2016","","5.61","","26.7","","","7.95","0.2","1.07","0.02","0.2","","","","3","","161.9","","","","","","","","","","","","",""
"TM35ZF","5/4/2016","","5.5","","26.6","","","7.61","16","","","","","","","","","160.4","","","","","","","","","","","","",""
"TM35F","5/4/2016","","5.3","","26.3","","","7.2","16","","","","","","","","","174.9","","","","","","","","","","","","",""
"TM40F","8/23/2016","","0.92","","24.7","","","6.06","35","","","","","","","","","240.9","","","","","","","","","","","","",""
"TM40S","8/23/2016","","6.24","","25.9","","","7.7","0.2","1.07","0.02","0.6","11","30.1","0.29","3","69","162.3","0.025","1","10","0.1","26","2.5","14629.9","69","53.76","0.002","1.99","90","0.3"
"TM40ZF","8/23/2016","","6.22","","26.1","","","7.52","4.5","","","","","","","","","170.7","","","","","","","","","","","","",""
"TM55S","8/23/2016","","7.63","","24.1","","","8.02","0.2","1.07","0.02","0.4","11","36","0.02","3.63","63","141","0.025","6","10","0.1","26","2.5","261.25","63","51.02","0.002","1","87","0.3"
"TM45S","8/23/2016","","8.02","","24.9","","","8.08","0.2","1.07","0.02","1.1","11","29.8","0.73","3","41","119","0.025","24","10","0.1","26","2.5","13944.1","41","51.02","0.002","1.89","78","0.3"
"TM50S","8/23/2016","","7.1","","26.3","","","8.18","0.2","2.14","0.02","0.7","11","29.4","0.32","3","44","124","0.025","12","10","0.1","26","2.5","14172.7","44","54.02","0.002","5.59","84","0.3"
"TM30S","8/24/2016","","7.21","","26.1","","","8.06","0.2","1.07","0.02","0.5","11","30.8","0.16","3","49.5","169","0.025","1","13","0.1","26","2.5","33134.2","49","53.76","0.002","1.44","90","0.3"
"TM30ZF","8/24/2016","","7.03","","26.2","","","7.87","2.25","","","","","","","","","172","","","","","","","","","","","","",""
"TM30F","8/24/2016","","6.97","","26.1","","","7.9","4","","","","","","","","","177","","","","","","","","","","","","",""
"TM25F","8/25/2016","","6.72","","25.9","","","7.28","15","","","","","","","","","190","","","","","","","","","","","","",""
"TM25ZF","8/25/2016","","6.97","","26.3","","","7.97","3","","","","","","","","","167","","","","","","","","","","","","",""
"TM25S","8/25/2016","","7.11","","26.5","","","8.07","0.2","1.07","0.02","0.5","11","32","0.02","3","53","145","0.025","8","10","0.1","26","2.5","0","53","53.76","0.002","1","87","0.3"
"TM20F","8/25/2016","","5.91","","24.2","","","6.99","10","","","","","","","","","191","","","","","","","","","","","","",""
"TM20S","8/25/2016","","6.53","","26","","","7.92","0.2","1.07","0.02","1.4","11","35","1.02","3","57","152","0.03","5","11","0.1","26","2.5","0","57","53.76","0.002","1.13","85","0.3"
"TM20ZF","8/25/2016","","6.49","","25.8","","","7.38","3","","","","","","","","","154","","","","","","","","","","","","",""
"TM15ZF","8/25/2016","","8.01","","26.1","","","8.09","3","","","","","","","","","175.5","","","","","","","","","","","","",""
"TM15F","8/25/2016","","7.1","","25.5","","","7.19","10","","","","","","","","","201.2","","","","","","","","","","","","",""
"TM35ZF","8/25/2016","","6.82","","26.1","","","7.93","3","","","","","","","","","153","","","","","","","","","","","","",""
"TM35F","8/25/2016","","5.96","","25.1","","","7.01","14","","","","","","","","","196","","","","","","","","","","","","",""
"TM35S","8/25/2016","","7.06","","26.6","","","8.51","0.2","1.07","0.02","0.4","11","29.9","0.11","3","52","148","0.025","1","10","0.1","26","2.5","18385.3","52","53.76","0.002","1.32","90","0.3"
"TM55S","11/8/2016","","7.35","","25.3","","","8.8","0.2","1.07","0.09","0.9","","","","3","","116.5","","","","","","","","","54.93","","","",""
"TM45S","11/8/2016","","5.63","","25.7","","","7.86","0.2","1.07","0.02","0.6","","","","3","","130.7","","","","","","","","","51.02","","","",""
"TM50S","11/8/2016","","6.44","","25.5","","","8","0.2","1.07","0.02","0.7","","","","3","","144","","","","","","","","","51.02","","","",""
"TM40F","11/8/2016","","0","","23.7","","","7","29","","","","","","","","","150.4","","","","","","","","","","","","",""
"TM40S","11/8/2016","","7.29","","28","","","8.32","0.2","1.07","0.02","0.6","","","","3","","121.9","","","","","","","","","53.76","","","",""
"TM40ZF","11/8/2016","","7.25","","27.6","","","8.31","3","","","","","","","","","121.4","","","","","","","","","","","","",""
"TM15F","11/8/2016","","1.68","","26.1","","","7.34","10","","","","","","","","","172.1","","","","","","","","","","","","",""
"TM15ZF","11/8/2016","","7.5","","27.3","","","8.41","2.25","","","","","","","","","163.2","","","","","","","","","","","","",""
"TM15S","11/8/2016","","7.62","","28.9","","","8.44","0.2","1.07","0.02","0.2","","","","3","","166.1","","","","","","","","","53.76","","","",""
"TM30F","11/8/2016","","7.31","","29.3","","","8.41","3","","","","","","","","","108.6","","","","","","","","","","","","",""
"TM30ZF","11/8/2016","","7.71","","29.8","","","8.55","1.5","","","","","","","","","102.5","","","","","","","","","","","","",""
"TM30S","11/8/2016","","7.72","","30.9","","","8.53","0.2","1.07","0.02","0.4","","","","3","","102.1","","","","","","","","","53.76","","","",""
"TM25ZF","11/9/2016","","7.33","","26.9","","","8.32","2.25","","","","","","","","","100.5","","","","","","","","","","","","",""
"TM25F","11/9/2016","","0","","25.1","","","7.16","12","","","","","","","","","127.9","","","","","","","","","","","","",""
"TM25S","11/9/2016","","7.48","","27.2","","","8.44","0.2","1.07","0.02","0.4","","","","3","","98.7","","","","","","","","","53.76","","","",""
"TM20ZF","11/9/2016","","6.21","","27.3","","","7.8","1.5","","","","","","","","","145.4","","","","","","","","","","","","",""
"TM20S","11/9/2016","","6.4","","27.5","","","7.95","0.2","1.07","0.02","0.8","","","","3","","150.5","","","","","","","","","53.76","","","",""
"TM20F","11/9/2016","","3.01","","26","","","7.41","8","","","","","","","","","134.5","","","","","","","","","","","","",""
"TM35S","11/9/2016","","7.4","","31.2","","","8.45","0.2","1.07","0.02","0.2","","","","3","","128.1","","","","","","","","","53.76","","","",""
"TM35ZF","11/9/2016","","7.49","","28","","","8.39","3","","","","","","","","","128.8","","","","","","","","","","","","",""
"TM35F","11/9/2016","","0","","25.1","","","6.89","13","","","","","","","","","154.5","","","","","","","","","","","","",""
"TM45S","2/14/2017","","7.68","","25","","","6.86","0.2","1.07","0.02","0.1","15","29.6","0.05","3","72.5","89","0.19","165","27","0.39","26","2.5","","87","51","0.002","1.78","74","0.3"
"TM55S","2/14/2017","","7.44","","25.5","","","7.63","0.2","1.78","0.22","0.2","291","18.9","0.16","3","50","83","0.19","11600","111","0.99","39","2.5","","341","59.5","0.002","2.72","46","0.3"
"TM50S","2/14/2017","","7.72","","26.4","","","7.08","0.2","1.07","0.06","0.2","37","30","0.06","3.1","85.5","47","0.22","100","23","0.56","26","2.5","","122","53.9","0.002","11.4","72","0.3"
"TM30S","2/16/2017","","6.38","","28.6","","","7.91","0.2","1.07","0.03","0.2","11","33.5","0.03","3","84","100","0.025","1","11","0.1","26","2.5","","84","54.9","0.002","2.52","90","0.3"
"TM30F","2/16/2017","","6.19","","26.7","","","7.83","6","","","","","","","","","95","","","","","","","","","","","","",""
"TM30ZF","2/16/2017","","6.38","","28.5","","","7.9","1.5","","","","","","","","","99","","","","","","","","","","","","",""
"TM35S","2/16/2017","","6.68","","29","","","8.27","0.2","1.07","0.02","0.2","11","32.6","0.02","3","52","94","0.025","1","10","0.1","26","2.5","","58","53.8","0.002","2.01","88","0.3"
"TM35ZF","2/16/2017","","6.67","","29.1","","","8.2","3","","","","","","","","","93","","","","","","","","","","","","",""
"TM35F","2/16/2017","","6.58","","28.4","","","7.9","22","","","","","","","","","87","","","","","","","","","","","","",""
"TM40ZF","2/16/2017","","6.47","","28.6","","","7.86","3","","","","","","","","","91","","","","","","","","","","","","",""
"TM40S","2/16/2017","","6.5","","28.7","","","7.86","0.2","1.07","0.02","0.05","11","31.3","0.03","3","49","90","0.025","1","10","0.1","26","2.5","","50","53.8","0.002","1.78","90","0.3"
"TM40F","2/16/2017","","6.39","","27","","","7.76","79","","","","","","","","","80","","","","","","","","","","","","",""
"TM25F","2/17/2017","","6.8","","26.3","","","7.8","10","","","","","","","","","120","","","","","","","","","","","","",""
"TM25S","2/17/2017","","6.89","","27.2","","","7.87","0.2","1.07","0.03","0.6","11","27.9","0.4","3","83","110","0.025","23","22","0.13","26","2.5","","86","55","0.002","4.63","82","0.3"
"TM25ZF","2/17/2017","","6.89","","27.1","","","7.86","1.5","","","","","","","","","111","","","","","","","","","","","","",""
"TM20S","2/17/2017","","6.93","","27.8","","","8.22","0.2","2.14","0.07","0.5","13","24.9","0.34","3","62","117","0.025","1","55","0.43","26","2.5","","75","59.3","0.002","3.14","85","0.3"
"TM20ZF","2/17/2017","","6.92","","27.4","","","8.23","0.75","","","","","","","","","117","","","","","","","","","","","","",""
"TM20F","2/17/2017","","6.77","","26.5","","","7.95","15","","","","","","","","","120","","","","","","","","","","","","",""
"TM15F","2/17/2017","","6.4","","26.4","","","7.79","27","","","","","","","","","100","","","","","","","","","","","","",""
"TM15S","2/17/2017","","6.61","","28.5","","","8.12","0.2","1.07","0.1","0.4","11","28.4","0.15","3","60","89","0.025","1","19","0.15","26","2.5","","60","58.6","0.002","3.32","88","0.3"
"TM15ZF","2/17/2017","","6.6","","28","","","8.1","1.5","","","","","","","","","90","","","","","","","","","","","","",""
"TM40S","2/27/2018","","7.33","","26.8","","","6.2","0.2","1.07","0.02","0.05","11","30.7","0.03","3","53.3","302","0.025","1","10","0.1","26","2.5","","56.3","","0.002","1.65","","0.3"
"TM40ZF","2/27/2018","","7.35","","26.5","","","6.91","3","","","","","","","","","266","","","","","","","","","","","","",""
"TM40F","2/27/2018","","0","","21.9","","","6.19","45","","","","","","","","","202","","","","","","","","","","","","",""
"TM35S","2/28/2018","","7.78","","23.6","","","7.89","0.2","1.07","0.02","0.1","11","29.7","0.02","3","52.5","280","0.025","1","10","","26","2.5","","52.5","","0.002","1.57","","0.3"
"TM35ZF","2/28/2018","","7.76","","23.2","","","7.5","3","","","","","","","","","260","","","","","","","","","","","","",""
"TM35F","2/28/2018","","0","","18.5","","","7","36","","","","","","","","","208","","","","","","","","","","","","",""
"TM50S","2/28/2018","","5.89","","27.4","","","6.99","0.2","1.07","0.02","0.3","11","28.5","0.07","3","69","224","0.199","270","13","0.35","51","2.5","","77","","0.002","10.7","",""
"TM45S","2/28/2018","","5.83","","26.3","","","7.13","0.2","1.07","0.08","0.9","24.5","25.1","0.73","3","57.5","192","0.189","4900","11","0.52","26","2.5","","82","","0.002","1","","0.3"
"TM55S","3/1/2018","","6.88","","27.4","","","8.41","0.2","1.78","1.23","0.5","1285","8.6","0.2","3","17.7","199","0.568","3300","32","1.51","47","2.5","","1303","","0.002","1","","0.3"
"TM30S","3/1/2018","","9.85","","25.8","","","8.73","0.2","1.07","0.02","0.2","11","28.7","0.02","3","61","186","0.025","1","10","0.1","27","2.5","","61","","0.002","1.68","","0.3"
"TM30ZF","3/1/2018","","0.23","","25.7","","","9.12","0.75","","","","","","","","","166","","","","","","","","","","","","",""
"TM30F","3/1/2018","","6.18","","24.6","","","8","6","","","","","","","","","161","","","","","","","","","","","","",""
"TM25S","3/2/2018","","8.11","","24.9","","","8.65","0.2","1.07","0.02","0.4","11","29.2","0.34","3","53","188","0.025","300","16","0.1","26","2.5","","53","","0.002","2.92","","0.3"
"TM25ZF","3/2/2018","","7.85","","24.5","","","8.38","2.25","","","","","","","","","179","","","","","","","","","","","","",""
"TM25F","3/2/2018","","4.08","","20","","","7.32","20","","","","","","","","","153","","","","","","","","","","","","",""
"TM15S","3/2/2018","","8.81","","23.8","","","8.43","0.2","1.07","0.02","0.1","11","31.9","0.04","3","40","173.9","","5","29","0.1","26","2.5","","40","","0.002","1.77","","0.3"
"TM15F","3/2/2018","","4.22","","20.6","","","8","18","","","","","","","","","180","","","","","","","","","","","","",""
"TM15ZF","3/2/2018","","7.82","","22.4","","","8.28","1.5","","","","","","","","","174","","","","","","","","","","","","",""
"TM20S","3/2/2018","","9.24","","24.8","","","8.58","0.2","1.07","0.02","0.2","11","32.5","0.14","3","41.5","156.4","0.025","60","42","0.49","26","2.5","","45","","0.002","1","","0.3"
"TM20ZF","3/2/2018","","9","","24.3","","","8.66","1.5","","","","","","","","","158","","","","","","","","","","","","",""
"TM20F","3/2/2018","","5.44","","20.1","","","8.26","13","","","","","","","","","170","","","","","","","","","","","","",""
"TM40S","5/15/2018","","6.71","","24.8","","","7","0.2","1.07","0.02","0.1","","","","3","","161","","","","","","","","","","","","",""
"TM40ZF","5/15/2018","","6.14","","24.6","","","7.14","3","","","","","","","","","156","","","","","","","","","","","","",""
"TM40F","5/15/2018","","4.12","","23.8","","","7.23","42","","","","","","","","","163","","","","","","","","","","","","",""
"TM50S","5/15/2018","","4.19","","24.6","","","7.32","0.2","1.07","0.02","0.3","","","","3","","34","","","","","","","","","","","","",""
"TM55S","5/15/2018","","8.78","","25.1","","","8","0.2","1.07","0.02","0.1","","","","3","","188","","","","","","","","","","","","",""
"TM45S","5/15/2018","","2.53","","24","","","7.21","0.2","1.07","0.02","0.1","","","","3","","19","","","","","","","","","","","","",""
"TM35S","5/16/2018","","7.3","","25.4","","","7.53","0.2","1.07","0.02","0.2","","","","3","","135","","","","","","","","","","","","",""
"TM35ZF","5/16/2018","","6.93","","25.2","","","7.23","1.5","","","","","","","","","148","","","","","","","","","","","","",""
"TM35F","5/16/2018","","4.86","","23.6","","","7.22","31","","","","","","","","","135","","","","","","","","","","","","",""
"TM30S","5/16/2018","","6.75","","25.2","","","7.23","0.2","1.07","0.02","0.3","","","","3","","180","","","","","","","","","","","","",""
"TM30ZF","5/16/2018","","6.68","","25","","","7.06","1.5","","","","","","","","","178","","","","","","","","","","","","",""
"TM30F","5/16/2018","","5.71","","24.6","","","7.16","7","","","","","","","","","155","","","","","","","","","","","","",""
"TM15S","5/17/2018","","7.76","","25.1","","","7.48","0.2","1.07","0.02","0.3","","","","3","","142","","","","","","","","","","","","",""
"TM15ZF","5/17/2018","","7.64","","25","","","7.19","1.5","","","","","","","","","154","","","","","","","","","","","","",""
"TM15F","5/17/2018","","4.88","","24.1","","","7.06","22","","","","","","","","","130","","","","","","","","","","","","",""
"TM20S","5/17/2018","","7.72","","25","","","7.37","0.2","1.07","0.02","0.4","","","","3","","153","","","","","","","","","","","","",""
"TM20F","5/17/2018","","5.33","","23.1","","","7.21","19","","","","","","","","","123","","","","","","","","","","","","",""
"TM20ZF","5/17/2018","","7.41","","24.8","","","7.3","1.5","","","","","","","","","182","","","","","","","","","","","","",""
"TM25S","5/17/2018","","7.18","","25.3","","","6.93","0.2","1.07","0.02","0.5","","","","3","","178","","","","","","","","","","","","",""
"TM25ZF","5/17/2018","","6.78","","24.5","","","6.4","1.5","","","","","","","","","202","","","","","","","","","","","","",""
"TM25F","5/17/2018","","4.82","","23.9","","","5.79","22","","","","","","","","","241","","","","","","","","","","","","",""
"TM45S","8/21/2018","","","","23.5","","","6.99","0.2","39.5","0.02","0.3","11","32.5","0.15","3","35.2","152","0.025","3800","10","0.1","26","2.5","","36","","0.002","1.52","","0.3"
"TM55S","8/21/2018","","","","23.3","","","6.97","0.2","13.9","0.02","0.1","11","39.5","0.02","3","55.7","198","0.025","25","10","0.1","26","2.5","","59","","0.002","1","","0.3"
"TM40ZF","8/21/2018","","9.12","","22.4","","","7.4","3","","","","","","","","","118","","","","","","","","","","","","",""
"TM40S","8/21/2018","","","","23.5","","","7.49","0.2","57.7","","0.3","14.5","31.7","0.1","3","36.4","154","0.025","1","10","0.1","","2.5","26","50","","0.002","1.52","","0.3"
"TM50S","8/21/2018","","","","24.2","","","6.62","0.2","25.6","0.02","0.2","14.7","31.4","0.14","3","46.3","142","0.025","300","10","0.1","26","2.5","","","","0.002","4.18","","0.3"
"TM40F","8/21/2018","","5.45","","21.1","","","6.58","52","","","","","","","","","144","","","","","","","","","","","","",""
"TM25ZF","8/22/2018","","11.4","","23.3","","","5.69","3","","","","","","","","","254","","","","","","","","","","","","",""
"TM35F","8/22/2018","","5.08","","22.6","","","6.45","32","","","","","","","","","173","","","","","","","","","","","","",""
"TM30S","8/22/2018","","","","24.5","","","4.8","0.2","19.2","0.02","0.3","11","32.3","0.18","3","36.5","269","0.025","1","10","0.1","26","2.5","","36.5","","0.002","1.54","","0.3"
"TM25F","8/22/2018","","5.96","","22.9","","","5.92","28","","","","","","","","","254","","","","","","","","","","","","",""
"TM35ZF","8/22/2018","","13.6","","23.5","","","6.6","3","","","","","","","","","174","","","","","","","","","","","","",""
"TM30ZF","8/22/2018","","8.86","","23.6","","","4.8","2","","","","","","","","","213","","","","","","","","","","","","",""
"TM30F","8/22/2018","","8.51","","23.5","","","4.59","6","","","","","","","","","213","","","","","","","","","","","","",""
"TM25S","8/22/2018","","","","23.5","","","5.11","0.2","1.07","0.02","0.4","11","31.3","0.28","3","","260","0.025","8","10","0.1","26","2.5","","56","","0.002","2.31","","0.3"
"TM35S","8/22/2018","","","","23.4","","","6.47","0.2","1.07","0.02","0.3","11","32.3","0.11","3","69.5","132","0.025","355","10","0.1","26","2.5","","74","","0.002","1.5","","0.3"
"TM20S","8/23/2018","","","","22.5","","","6.7","0.2","1.07","0.02","0.4","11","35.2","0.22","3","49.5","160","0.025","1","12","0.1","26","2.5","","51","","0.002","1.36","","0.3"
"TM20F","8/23/2018","","7.45","","22.1","","","6.6","20","","","","","","","","","127","","","","","","","","","","","","",""
"TM15S","8/23/2018","","","","23.5","","","5.44","0.2","1.07","0.02","0.4","11","34.3","0.18","3","40","181","0.025","1","10","0.1","26","2.5","","43","","0.002","1.37","","0.3"
"TM15F","8/23/2018","","4.36","","22.5","","","5.75","36","","","","","","","","","156","","","","","","","","","","","","",""
"TM20ZF","8/23/2018","","11.2","","22","","","6.32","3","","","","","","","","","175","","","","","","","","","","","","",""
"TM15ZF","8/23/2018","","10.6","","23.2","","","5.86","3","","","","","","","","","189","","","","","","","","","","","","",""
"TM55S","11/20/2018","","6.14","","25.9","","","7.6","0.2","2.57","0.81","0.8","","","","3","","177","","","","","","","","","","","","",""
"TM40F","11/20/2018","","6.68","","26.4","","","7","29","","","","","","","","","181","","","","","","","","","","","","",""
"TM40S","11/20/2018","","5.29","","26.7","","","7.1","0.2","1.07","0.02","0.3","","","","3","","186","","","","","","","","","","","","",""
"TM40ZF","11/20/2018","","5.85","","26.9","","","6.7","3","","","","","","","","","198","","","","","","","","","","","","",""
"TM50S","11/20/2018","","4.81","","24.6","","","7.4","0.2","1.07","0.02","0.4","","","","3","","177","","","","","","","","","","","","",""
"TM35F","11/21/2018","","3.74","","25.4","","","6.9","22.5","","","","","","","","","193","","","","","","","","","","","","",""
"TM30ZF","11/21/2018","","7.79","","27.3","","","6.6","2.25","","","","","","","","","211","","","","","","","","","","","","",""
"TM30F","11/21/2018","","7.74","","27.3","","","6.8","3.5","","","","","","","","","206","","","","","","","","","","","","",""
"TM35S","11/21/2018","","6.43","","25.7","","","7.5","0.2","1.07","0.02","0.1","","","","3","","172","","","","","","","","","","","","",""
"TM30S","11/21/2018","","7.38","","27.2","","","7.2","0.2","3.2","0.02","0.5","","","","3","","197","","","","","","","","","","","","",""
"TM35ZF","11/21/2018","","5.58","","25.6","","","7.1","3.75","","","","","","","","","182","","","","","","","","","","","","",""
"TM25S","11/22/2018","","6.3","","26.4","","","6.6","0.2","1.07","0.02","0.9","","","","3","","209","","","","","","","","","","","","",""
"TM20ZF","11/22/2018","","7.35","","26.2","","","7.4","0.3","","","","","","","","","196","","","","","","","","","","","","",""
"TM15F","11/22/2018","","4.82","","26.4","","","7.2","18","","","","","","","","","198","","","","","","","","","","","","",""
"TM25F","11/22/2018","","5.3","","25.5","","","6.5","20","","","","","","","","","215","","","","","","","","","","","","",""
"TM20F","11/22/2018","","6.49","","26.5","","","6.3","19","","","","","","","","","241","","","","","","","","","","","","",""
"TM25ZF","11/22/2018","","7.12","","26.4","","","6.1","3.75","","","","","","","","","230","","","","","","","","","","","","",""
"TM15ZF","11/22/2018","","7.59","","26.8","","","6.5","0.97","","","","","","","","","235","","","","","","","","","","","","",""
"TM20S","11/22/2018","","7.35","","26.2","","","7.4","0.2","1.07","0.05","0.4","","","","3","","196","","","","","","","","","","","","",""
"TM45S","2/26/2019","","5.4","","26.1","","","7","0.2","1.07","0.02","0.6","11","30.8","0.02","3","66","14","0.248","100","16","0.39","26","2.5","","69","","0.002","1.17","","0.3"
"TM50S","2/26/2019","","2.2","","26","","","7","0.2","1.07","0.02","0.7","11","30.7","0.04","3","30","","0.263","255","10","","26","2.5","","39","","0.002","3.11","","0.3"
"TM55S","2/26/2019","","5.4","","29.5","","","6","0.2","1.07","0.02","0.7","243","26.3","0.29","3","51","135","0.061","270","51","1.09","26","2.5","","293","","0.002","1","","0.3"
"TM40F","2/27/2019","","1","","28.7","","","7.4","48","","","","","","","","","118","","","","","","","","","","","","",""
"TM35S","2/27/2019","","6.2","","29.3","","","7.1","0.2","1.07","0.02","0.4","11","30.6","0.02","3","40","123","0.025","1","10","0.1","26","2.5","","40","","0.002","1.47","","0.3"
"TM40S","2/27/2019","","6.7","","32","","","7.7","0.2","1.07","0.02","0.5","11","29.1","0.02","3","62","124","0.025","1","10","0.1","26","2.5","","62","","0.002","1.39","","0.3"
"TM30ZF","2/27/2019","","6.1","","31.4","","","7.7","2.3","","","","","","","","","87","","","","","","","","","","","","",""
"TM35ZF","2/27/2019","","6.1","","29.5","","","7.6","3","","","","","","","","","98","","","","","","","","","","","","",""
"TM40ZF","2/27/2019","","6","","30.3","","","7.7","3","","","","","","","","","91","","","","","","","","","","","","",""
"TM30S","2/27/2019","","6.9","","31.2","","","7.2","0.2","1.07","0.02","0.4","11","31.4","0.02","3","32","83","0.025","1","10","0.1","26","2.5","","37","","0.002","1.68","","0.3"
"TM35F","2/27/2019","","1.7","","25.3","","","7.3","32","","","","","","","","","82","","","","","","","","","","","","",""
"TM30F","2/27/2019","","6.8","","30.6","","","7.9","5","","","","","","","","","68","","","","","","","","","","","","",""
"TM25F","2/28/2019","","1","","26.3","","","8","22","","","","","","","","","64","","","","","","","","","","","","",""
"TM15S","2/28/2019","","8.2","","29.4","","","8.2","0.2","1.07","0.02","0.6","11","33","0.02","3","33","14","0.025","3","10","0.1","26","","","38","","0.002","1.41","","0.3"
"TM25S","2/28/2019","","7.5","","30","","","8.2","0.2","1.07","0.02","0.5","11","31.6","0.02","3","42","99","0.025","1","10","0.1","26","2.5","","42","","0.002","2.11","","0.3"
"TM15F","2/28/2019","","7.1","","26.3","","","8.4","25","","","","","","","","","61","","","","","","","","","","","","",""
"TM20F","2/28/2019","","5.8","","26.7","","","8.2","25","","","","","","","","","87","","","","","","","","","","","","",""
"TM20F","2/28/2019","","7.3","","27.3","","","8.5","1.5","","","","","","","","","48","","","","","","","","","","","","",""
"TM20ZF","2/28/2019","","7.4","","29.5","","","8.3","1.5","","","","","","","","","39","","","","","","","","","","","","",""
"TM25ZF","2/28/2019","","7.26","","28.3","","","8.4","2.3","","","","","","","","","64","","","","","","","","","","","","",""
"TM20S","2/28/2019","","7.9","","28.7","","","7.9","0.2","1.07","0.02","0.4","12","32.8","0.02","3","30","41","0.025","8","14","0.1","26","2.5","","42","","0.002","1.01","","0.3"
"TM55S","5/21/2019","","7.42","","22","","","7.75","0.2","1.07","0.5","0.7","269","26.5","0.26","3","78.6","13.4","0.34","3900","98","2.29","26","2.75","","347","","0.002","1","","0.3"
"TM45S","5/21/2019","","6.72","","25.5","","","7.78","0.2","1.07","0.01","0.5","9.5","35.6","0.02","3","57.5","11.3","0.23","100","15","1.48","26","2.5","","67","","0.002","1.58","","0.3"
"TM50S","5/21/2019","","5.88","","25.1","","","7.21","0.2","1.07","0.05","0.4","14","35.1","0.02","3","84.5","30.5","0.28","2000","14","1.25","26","2.5","","98.5","","0.002","10.3","","0.3"
"TM35S","5/21/2019","","5.64","","27.8","","","6.61","0.2","1.07","0.01","0.4","10","33.2","0.02","3","42.7","45","0.03","1","10","0.1","26","2.5","","52.7","","0.002","1.54","","0.3"
"TM35ZF","5/21/2019","","5.27","","27.4","","","6.21","3","","","","","","","","","76","","","","","","","","","","","","",""
"TM35F","5/21/2019","","0.32","","26.4","","","8.84","30","","","","","","","","","332","","","","","","","","","","","","",""
"TM40F","5/21/2019","","0","","26","","","7.79","40","","","","","","","","","575","","","","","","","","","","","","",""
"TM40ZF","5/21/2019","","5.9","","27.8","","","6.98","12","","","","","","","","","27","","","","","","","","","","","","",""
"TM40S","5/21/2019","","6.39","","28","","","6.39","0.2","1.07","0.01","0.4","10","34.1","0.02","3","45.5","85","0.02","1","10","0.1","26","2.5","","55.5","","0.002","1.46","","0.3"
"TM30ZF","5/22/2019","","5.36","","26.9","","","6.73","6","","","","","","","","","49","","","","","","","","","","","","",""
"TM30S","5/22/2019","","6.38","","27.3","","","7.11","0.2","1.07","0.01","0.6","8","41.2","0.02","3","54.5","20","0.02","200","10","0.1","26","2.5","","65","","0.002","2.72","","0.3"
"TM20ZF","5/22/2019","","5.47","","26.6","","","6.62","4.5","","","","","","","","","98","","","","","","","","","","","","",""
"TM20S","5/22/2019","","6.69","","27.2","","","5.86","0.2","1.07","0.01","0.5","15.5","35.6","0.04","3","73.5","151","0.02","200","10","0.1","26","2.5","","64","","0.002","1.63","","0.3"
"TM20F","5/22/2019","","4.5","","24.3","","","7.9","28","","","","","","","","","648","","","","","","","","","","","","",""
"TM15ZF","5/22/2019","","5.84","","27","","","7.65","4.5","","","","","","","","","75","","","","","","","","","","","","",""
"TM15F","5/22/2019","","3.56","","25.8","","","7.91","26","","","","","","","","","527","","","","","","","","","","","","",""
"TM25ZF","5/22/2019","","4.89","","26.8","","","7.35","7.5","","","","","","","","","70","","","","","","","","","","","","",""
"TM25F","5/22/2019","","0","","25.9","","","7.95","42","","","","","","","","","925","","","","","","","","","","","","",""
"TM30F","5/22/2019","","4.1","","26.5","","","7.9","28","","","","","","","","","98","","","","","","","","","","","","",""
"TM25S","5/22/2019","","6.03","","27.6","","","6.95","0.2","1.07","0.01","0.5","10","42.7","0.14","3","57","102","0.02","5","10","0.1","26","2.5","","83.5","","0.002","1.59","","0.3"
"TM50S","8/20/2019","","6.65","","20.9","","","6.35","0.2","1.07","0.01","0.3","21","30.7","0.02","3","63","109","0.03","2600","10","0.1","26","2.5","","84","","0.002","7.31","","0.3"
"TM55S","8/20/2019","","6.66","","23.8","","","6.9","0.2","1.07","0.01","0.4","20","40.3","0.02","3","61.5","35","0.02","300","10","0.1","26","2.5","","81.5","","0.002","1","","0.3"
"TM45S","8/20/2019","","6.45","","23.3","","","7.66","0.2","1.07","0.01","0.2","11.8","29.1","0.02","3","48","53","0.02","55","10","0.1","26","2.5","","59.8","","0.002","1.12","","0.3"
"TM15ZF","8/21/2019","","6.4","","24.4","","","7.6","4.5","","","","","","","","","16.1","","","","","","","","","","","","",""
"TM15F","8/21/2019","","4.38","","22.9","","","7.59","24","","","","","","","","","30.2","","","","","","","","","","","","",""
"TM15S","8/21/2019","","6.5","","24.6","","","7.68","0.2","1.07","0.01","0.3","8.5","34.8","0.02","3","67","23.7","0.02","1","10","0.1","26","2.5","","75.5","","0.002","1.2","","0.3"
"TM20F","8/21/2019","","5.02","","22.9","","","7.74","25","","","","","","","","","38","","","","","","","","","","","","",""
"TM20ZF","8/21/2019","","6.23","","23.8","","","7.74","6","","","","","","","","","10","","","","","","","","","","","","",""
"TM20S","8/21/2019","","6.88","","24.1","","","7.78","0.2","1.07","0.05","0.5","7","36.4","0.15","3","55.5","23","0.02","1","10","0.1","26","2.5","","57.5","","0.002","1.34","","0.3"
"TM25ZF","8/21/2019","","6","","24","","","7.65","4.5","","","","","","","","","12","","","","","","","","","","","","",""
"TM25F","8/21/2019","","3.53","","22.8","","","7.64","29","","","","","","","","","33.4","","","","","","","","","","","","",""
"TM25S","8/21/2019","","6.93","","24.3","","","7.69","0.2","1.07","0.01","0.3","7","33.1","0.14","3","65.5","22","0.02","1","10","0.1","26","2.5","","67.5","","0.002","1.56","","0.3"
"TM30ZF","8/22/2019","","6.43","","23.5","","","7.58","6","","","","","","","","","16","","","","","","","","","","","","",""
"TM30F","8/22/2019","","5.01","","23","","","7.6","10.5","","","","","","","","","35","","","","","","","","","","","","",""
"TM30S","8/22/2019","","7.05","","24.5","","","7.58","0.2","1.07","0.01","0.4","7","31.1","0.13","3","48","21","0.02","1","10","0.1","26","2.5","","53","","0.002","1.09","","0.3"
"TM35ZF","8/22/2019","","5.35","","23.8","","","7.66","7.5","","","","","","","","","8","","","","","","","","","","","","",""
"TM35S","8/22/2019","","6.87","","24.3","","","7.68","0.2","1.07","0.01","0.3","7","30.2","0.02","3","52.5","23","0.02","1","10","0.1","26","2.5","","52.5","","0.002","1","","0.3"
"TM35F","8/22/2019","","2.83","","22.6","","","7.7","33","","","","","","","","","85","","","","","","","","","","","","",""
"TM40ZF","8/22/2019","","5.32","","24","","","7.58","7.5","","","","","","","","","10","","","","","","","","","","","","",""
"TM40F","8/22/2019","","0","","22.4","","","7.7","53","","","","","","","","","135","","","","","","","","","","","","",""
"TM40S","8/22/2019","","6.8","","24.4","","","7.42","0.2","1.07","0.01","0.3","7","29.2","0.02","3","53","35","0.02","1","10","0.1","26","2.5","","58","","0.002","1.1","","0.3"
"TM55S","11/19/2019","","6.97","","25.9","","","7.72","0.2","2.67","0.32","0.7","","","","3","","199","","","","","","","","","","","","",""
"TM50S","11/19/2019","","5.38","","25.2","","","6.19","0.2","1.07","0.06","0.5","","","","3","","65","","","","","","","","","","","","",""
"TM45S","11/19/2019","","4.72","","24.9","","","6.63","0.2","1.07","0.01","0.5","","","","3","","78","","","","","","","","","","","","",""
"TM25S","11/20/2019","","7.06","","28.4","","","6.09","0.2","1.07","0.01","0.4","","","","3","","72","","","","","","","","","","","","",""
"TM40S","11/20/2019","","6.98","","28.5","","","6.55","0.2","1.07","0.01","0.3","","","","3","","26","","","","","","","","","","","","",""
"TM15S","11/20/2019","","7.14","","28.4","","","6.7","0.2","1.07","0.01","0.5","","","","3","","53","","","","","","","","","","","","",""
"TM35S","11/21/2019","","6.96","","28.5","","","6.28","0.2","1.07","0.01","0.5","","","","3","","90","","","","","","","","","","","","",""
"TM30S","11/21/2019","","6.76","","28.5","","","6.85","0.2","1.07","0.01","0.4","","","","3","","20","","","","","","","","","","","","",""
"TM15S","2/9/2020","","8.13","","30.7","","","7.61","0.2","1.07","0.01","0.5","7","31","0.02","3","92","121","0.02","4","12","0.16","26","2.5","","98.5","","0.002","3.88","","0.3"
"TM55S","2/18/2020","","5.13","","25.8","","","5.35","0.2","1.07","3.3","0.4","6393","17.2","0.02","3","63.2","274","1.23","16200","73","4.18","33","2.5","","6456","","0.002","2.4","","0.3"
"TM45S","2/18/2020","","4.39","","25.2","","","6.52","0.2","1.07","0.01","0.7","20","32","0.02","3","57.5","31","0.33","125","16","0.86","26","2.5","","77.5","","0.002","2.39","","0.3"
"TM20F","2/19/2020","","1.85","","21","","","4.5","40","","","","","","","","","21","","","","","","","","","","","","",""
"TM20ZF","2/19/2020","","7.44","","28.6","","","6.89","9","","","","","","","","","104","","","","","","","","","","","","",""
"TM15F","2/19/2020","","0.54","","24","","","4.03","43","","","","","","","","","12","","","","","","","","","","","","",""
"TM15ZF","2/19/2020","","4.98","","29.8","","","7.84","9","","","","","","","","","128","","","","","","","","","","","","",""
"TM20S","2/19/2020","","8.37","","28.3","","","7.59","0.2","1.07","0.01","0.4","7","30.8","0.02","3","94.5","115","0.02","1","20","0.23","26","2.5","","99","","0.002","3.33","","0.3"
"TM25F","2/19/2020","","0.26","","21","","","2.53","55","","","","","","","","","0","","","","","","","","","","","","",""
"TM15ZF","2/19/2020","","4.4","","26","","","7.28","12","","","","","","","","","115","","","","","","","","","","","","",""
"TM25S","2/19/2020","","7.05","","31","","","7.04","0.2","1.07","0.01","0.5","7","31","0.08","3","87.5","145","0.02","1","10","0.1","29","2.5","","94.5","","0.002","4.91","","0.3"
"TM35ZF","2/20/2020","","4.85","","26","","","6.59","12","","","","","","","","","110","","","","","","","","","","","","",""
"TM35S","2/20/2020","","5.36","","29.1","","","7.5","0.2","1.07","0.01","0.3","7","32.2","0.02","3","39","119","0.02","13","10","0.1","26","2.91","","40.5","","1.44","","","0.3"
"TM35F","2/20/2020","","0.49","","22","","","8.13","80","","","","","","","","","0","","","","","","","","","","","","",""
"TM30ZF","2/20/2020","","5.15","","27.2","","","7.17","9","","","","","","","","","115","","","","","","","","","","","","",""
"TM30F","2/20/2020","","0.7","","22","","","8.52","60","","","","","","","","","0","","","","","","","","","","","","",""
"TM30S","2/20/2020","","6.25","","30.3","","","7.47","0.2","1.07","0.02","0.3","7","33.5","0.02","3","50.5","94","","13","10","0.1","26","2.5","","56.5","","0.002","1.39","","0.3"
"TM40F","2/20/2020","","0.18","","23","","","8.3","60","","","","","","","","","24","","","","","","","","","","","","",""
"TM40ZF","2/20/2020","","5.66","","26","","","7.6","15","","","","","","","","","100","","","","","","","","","","","","",""
"TM50S","2/20/2020","","7.4","","26","","","6.62","0.2","1.07","0.01","0.5","7","30.8","0.02","3","59.5","74","0.32","","15","0.79","26","2.5","","64","","0.002","4.32","",""
"TM40S","2/21/2020","","6.1","","28","","","6.43","0.2","1.07","0.01","0.2","7","31.3","0.02","3","46","126","0.02","1","10","0.1","26","26","","48.5","","0.002","1.11","","0.3"
"TM55S","5/5/2020","","6.51","","23.9","","","7.02","0.2","1.07","0.01","0.3","","","","3","","23","","","","","","","","","","","","",""
"TM45S","5/5/2020","","6.55","","25.3","","","7.26","0.2","1.07","0.03","0.6","","","","3","","21","","","","","","","","","","","","",""
"TM50S","5/5/2020","","6.85","","26.1","","","7.08","0.2","1.07","0.03","0.7","","","","3","","19","","","","","","","","","","","","",""
"TM30S","5/6/2020","","6.9","","26.1","","","7.47","0.2","1.07","0.01","0.4","","","","3","","23","","","","","","","","","","","","",""
"TM30ZF","5/6/2020","","6.3","","26.4","","","7.34","3.9","","","","","","","","","22","","","","","","","","","","","","",""
"TM30F","5/6/2020","","5.96","","25.7","","","7.38","15","","","","","","","","","20","","","","","","","","","","","","",""
"TM35S","5/6/2020","","6.5","","26.6","","","7.3","0.2","1.07","0.01","0.3","","","","3","","25","","","","","","","","","","","","",""
"TM35ZF","5/6/2020","","5.83","","25.9","","","7.38","6","","","","","","","","","19.3","","","","","","","","","","","","",""
"TM35F","5/6/2020","","0.3","","24.8","","","7.61","55","","","","","","","","","0","","","","","","","","","","","","",""
"TM40S","5/6/2020","","7.38","","26.7","","","7.36","0.2","1.07","0.02","0.4","","","","3","","25","","","","","","","","","","","","",""
"TM40ZF","5/6/2020","","7","","26.3","","","7.33","6.75","","","","","","","","","23","","","","","","","","","","","","",""
"TM40F","5/6/2020","","0","","24","","","6.95","70","","","","","","","","","0","","","","","","","","","","","","",""
"TM15S","5/7/2020","","6.8","","26","","","7.23","0.2","1.07","0.01","","","","","3","","20","","","","","","0.3","","","","","","",""
"TM15ZF","5/7/2020","","6","","25.9","","","6.99","4.5","","","","","","","","","10","","","","","","","","","","","","",""
"TM15F","5/7/2020","","0.2","","24.9","","","7.5","55","","","","","","","","","0","","","","","","","","","","","","",""
"TM20S","5/7/2020","","6.7","","26","","","7.4","0.2","1.07","0.02","0.5","","","","3","","23","","","","","","","","","","","","",""
"TM20ZF","5/7/2020","","6.6","","25.4","","","7.36","4.5","","","","","","","","","18","","","","","","","","","","","","",""
"TM20ZF","5/7/2020","","3.1","","24.9","","","7.52","45","","","","","","","","","0","","","","","","","","","","","","",""
"TM25S","5/7/2020","","6.9","","26.3","","","7.44","0.2","1.07","0.01","0.5","","","","3","","20","","","","","","","","","","","","",""
"TM25ZF","5/7/2020","","6.8","","18","","","7.46","3.75","","","","","","","","","18","","","","","","","","","","","","",""
"TM25F","5/7/2020","","3.45","","24","","","7.38","40","","","","","","","","","0","","","","","","","","","","","","",""
"TM15S","8/26/2020","53.5","9.83","99","22.8","5","4.8","7.55","0.2","1.05","0.009","0.3","6.99","32.4","0.14","2","40","208","0.0199","0.9","9","0.09","25","2.49","","45","","0.00199","3.02","","0.0299"
"TM20S","8/26/2020","48.7","8.58","89","22.8","5","6.3","7.58","0.2","1.05","0.01","0.4","6.99","34","0.19","2","69","161","0.0199","4","9","0.09","25","2.49","","75.5","","0.00199","3.06","","0.0299"
"TM25S","8/26/2020","48.9","9.06","99","23.8","5","2.78","7.59","0.2","2.14","0.009","0.4","23","30.1","0.25","2","67","135","0.0199","0.9","9","0.09","25","2.49","","90","","0.00199","3.55","","0.0299"
"TM30S","8/27/2020","42.9","7.48","84","23.1","5","2.57","7.35","0.2","3.2","0.02","0.3","29","30.5","0.16","2","54","179","0.0199","0.9","9","0.09","25","2.49","","83","","0.00199","1.15","","0.0299"
"TM35S","8/27/2020","40.9","8.14","95","23.5","5","5.21","7.48","0.2","1.05","0.009","0.3","31.5","29.6","0.13","2","59","162","0.0199","0.9","9","0.09","25","2.49","","90.5","","0.00199","1.09","","0.0299"
"TM40S","8/26/2020","45.9","8.76","88","22.8","6","2.78","7.46","0.2","1.05","0.009","0.3","6.99","29.7","0.15","2","47.5","159","0.0199","0.9","9","0.09","25","2.49","","52.5","","0.00199","1.15","","0.0299"
"TM45S","8/25/2020","59.3","8.02","89","22.6","","4.35","7.54","0.2","1.05","0.009","0.4","14.5","30","0.17","2","63","221","0.0199","8","9","0.09","25","2.49","","77.5","","0.00199","3.15","","0.0299"
"TM50S","8/25/2020","69.7","6.85","85","23.2","","7.43","7.56","0.2","1.05","0.02","0.9","22.5","23.9","0.18","2","83.5","210","0.02","66","9","0.12","25","2.49","","106","","0.00199","7.56","","0.0299"
"TM55S","8/25/2020","57.8","7.8","84","22","","5.36","7.68","0.2","2.14","0.02","0.3","16.5","33.8","0.07","2","62","215","0.03","22","9","0.13","71","2.49","","78.5","","0.00199","2.39","","0.0299"
"TM15F","8/26/2020","55","5","3.6","22.1","","42","7.02","38","","","","","","","","","100","","","","","","","","","","","","",""
"TM15ZF","8/26/2020","55","6","2.6","22.5","","4.1","7.5","7.5","","","","","","","","","188","","","","","","","","","","","","",""
"TM20F","8/26/2020","49.3","5.12","3.5","22","","6.18","7.45","33","","","","","","","","","156","","","","","","","","","","","","",""
"TM20ZF","8/26/2020","48.5","7.3","1.3","22.4","","3.79","7.52","7.5","","","","","","","","","147","","","","","","","","","","","","",""
"TM25F","8/26/2020","47.5","6.01","2.6","22.5","","2.55","7.3","27","","","","","","","","","100","","","","","","","","","","","","",""
"TM25ZF","8/26/2020","47","8.6","-0.1","23","","5.03","7.42","7.5","","","","","","","","","120","","","","","","","","","","","","",""
"TM30F","8/27/2020","43.3","6.8","1.8","22.5","","27.7","7.1","7.5","","","","","","","","","158","","","","","","","","","","","","",""
"TM30ZF","8/27/2020","42.5","5.85","2.7","22.8","","6.12","6.89","30","","","","","","","","","158","","","","","","","","","","","","",""
"TM35F","8/27/2020","40.8","6.35","2.1","23","","11","7.02","30","","","","","","","","","146","","","","","","","","","","","","",""
"TM35ZF","8/27/2020","40.1","7.13","1.3","23.4","","3.39","7.12","7.5","","","","","","","","","150","","","","","","","","","","","","",""
"TM40F","8/26/2020","46","0","8.7","22","","31.4","6.7","75","","","","","","","","","99","","","","","","","","","","","","",""
"TM40ZF","8/26/2020","46","7.76","0.6","22.5","","2.63","7.35","9","","","","","","","","","150","","","","","","","","","","","","",""
"TM15S","12/1/2020","115","8.98","","28.8","2","7.59","7.85","0.2","1.06","0.02","0.6","","","","2.99","","58","","","","","","","","","","","","",""
"TM20S","12/1/2020","115","8.14","","28.9","0.5","49.6","8.03","0.2","2.14","0.04","0.8","","","","2.99","","11","","","","","","","","","","","","",""
"TM25S","12/1/2020","128","7.76","","28.8","3","5.11","7.9","0.2","1.06","0.099","0.8","","","","2.99","","41","","","","","","","","","","","","",""
"TM30S","12/3/2020","100","7.17","","28.7","1.5","6.07","7.91","0.2","1.06","0.099","0.3","","","","2.99","","23","","","","","","","","","","","","",""
"TM35S","12/3/2020","105","7.65","","27.8","2","3.53","7.8","0.2","1.06","0.099","0.3","","","","2.99","","160","","","","","","","","","","","","",""
"TM40S","12/1/2020","99","7.98","","28.9","4","1.98","7.85","0.2","1.06","0.099","0.9","","","","2.99","","58","","","","","","","","","","","","",""
"TM45S","12/2/2020","107","6.91","","24.3","","1.01","7.47","0.2","1.06","0.099","0.4","","","","2.99","","75","","","","","","","","","","","","",""
"TM50S","12/2/2020","125","7.98","","24.1","","1.5","7.38","0.2","1.06","0.01","0.3","","","","2.99","","98","","","","","","","","","","","","",""
"TM55S","12/3/2020","122","6.08","","29","","107","7.34","0.2","1.06","0.09","0.6","","","","2.99","","50","","","","","","","","","","","","",""
"TM15F","12/1/2020","147","0","","23.9","","47.3","7.28","45","","","","","","","","","0","","","","","","","","","","","","",""
"TM15ZF","12/1/2020","116","7.3","","28.7","","7.24","7.81","3","","","","","","","","","60","","","","","","","","","","","","",""
"TM20F","12/1/2020","120","0.26","","26.4","","101","7.34","20","","","","","","","","","40","","","","","","","","","","","","",""
"TM20ZF","12/1/2020","107","7.33","","28.7","","48.6","7.99","0.75","","","","","","","","","17","","","","","","","","","","","","",""
"TM25F","12/1/2020","115","1.2","","25.3","","93.7","7.27","22","","","","","","","","","71","","","","","","","","","","","","",""
"TM25ZF","12/1/2020","131","6.8","","28","","6.35","7.83","4.5","","","","","","","","","49","","","","","","","","","","","","",""
"TM30F","12/3/2020","107","5.85","","26.6","","10.1","7.86","3","","","","","","","","","28","","","","","","","","","","","","",""
"TM30ZF","12/3/2020","99","7.02","","28.7","","4.49","7.89","1.5","","","","","","","","","27","","","","","","","","","","","","",""
"TM35F","12/3/2020","101","0","","24","","1.33","6.98","23","","","","","","","","","149","","","","","","","","","","","","",""
"TM35ZF","12/3/2020","28","6.04","","28","","2.22","7.84","3","","","","","","","","","145","","","","","","","","","","","","",""
"TM40F","12/1/2020","111","0","","23","","1.74","7.3","43","","","","","","","","","66","","","","","","","","","","","","",""
"TM40ZF","12/1/2020","98","6.9","","27.7","","2.42","7.72","6","","","","","","","","","48","","","","","","","","","","","","",""
"TM15S","2/2/2021","88","6.42","90.1","30.2","1.5","4.13","8.35","0.2","3.2","0.01","0.3","22.5","32.2","0.019","2.99","59.5","13.1","0.019","0.99","12","0.09","25.9","2.49","","82","","0.0019","1.44","","0.29"
"TM20S","2/2/2021","90","5.9","82","29.4","0.8","10.7","7.77","0.5","5.34","0.02","0.6","14","34.1","0.24","2.99","81.5","58","0.019","0.99","31","0.16","25.9","2.49","","95.5","","0.0019","1.21","","0.29"
"TM25S","2/2/2021","88","5.62","81","31.5","1","14.1","7.74","0.2","6.41","0.02","0.6","7","27.1","0.36","2.99","62.5","36.7","0.019","0.99","23","0.09","25.9","2.49","","69.5","","0.0019","3.46","","0.29"
"TM30S","2/3/2021","87","5.88","88.5","31.2","1.2","5.79","7.91","0.2","9.61","0.01","0.5","18","31.6","0.019","2.99","62","91.3","0.019","0.99","9.99","0.09","25.9","2.49","","80","","0.0019","1.71","","0.29"
"TM35S","2/3/2021","80","5.66","80.5","30.5","3","2.28","7.84","0.2","3.2","0.0099","0.2","7","30","0.019","2.99","47","71.7","0.019","0.99","9.99","0.09","25.9","2.49","","54","","0.0019","1.29","","0.29"
"TM40S","2/3/2021","78","5.45","76.1","29.6","4.5","1.64","7.81","0.2","1.06","0.0099","0.3","13","28.7","0.019","2.99","52.5","14.8","0.019","0.99","9.99","0.09","25.9","2.49","","65.5","","0.0019","1.47","","0.29"
"TM45S","2/4/2021","165","4.66","54.7","26","","9.97","5.96","0.2","1.06","0.02","1.7","12","32.3","0.02","2.99","66","41.9","0.13","2","14","0.12","25.9","2.49","","78","","0.0019","1.15","","0.29"
"TM50S","2/4/2021","12","6.13","82","26.6","","9.71","6.91","0.2","1.06","0.01","0.4","10","31.4","0.019","2.99","60","54.9","0.12","0.99","10","0.09","49","2.49","","70","","0.0019","11.2","","0.29"
"TM55S","2/4/2021","98","5.18","82","28.9","","12","8.22","0.2","8.54","0.02","0.2","26.5","38.4","0.019","2.99","70.5","82","0.02","2","20","0.09","25.9","2.49","","97","","0.0019","0.99","","0.29"
"TM15F","2/2/2021","77","0","","26.4","","104","6.9","25","","","","","","","","","0","","","","","","","","","","","","",""
"TM15ZF","2/2/2021","88","6.4","","30","","4.91","8.23","2.25","","","","","","","","","29","","","","","","","","","","","","",""
"TM20F","2/2/2021","84","2.98","","27.3","","33.6","7.11","17","","","","","","","","","73.4","","","","","","","","","","","","",""
"TM20ZF","2/2/2021","167","4.2","","28.6","","13.6","7.59","1.2","","","","","","","","","51","","","","","","","","","","","","",""
"TM25F","2/2/2021","90","0","","25.9","","34","6.33","17","","","","","","","","","93","","","","","","","","","","","","",""
"TM25ZF","2/2/2021","89","5.52","","30.2","","9.79","7.73","1.5","","","","","","","","","46","","","","","","","","","","","","",""
"TM30F","2/3/2021","85","4.83","","30.6","","13.4","8.07","2.5","","","","","","","","","68.8","","","","","","","","","","","","",""
"TM30ZF","2/3/2021","87","5.44","","31.6","","5.02","8.06","0.2","","","","","","","","","84.7","","","","","","","","","","","","",""
"TM35F","2/3/2021","109","0","","24.2","","100","6.71","35","","","","","","","","","58","","","","","","","","","","","","",""
"TM35ZF  ","2/3/2021","81","5.89","","30.1","","2.51","7.89","4.5","","","","","","","","","77.3","","","","","","","","","","","","",""
"TM40F","2/3/2021","93","0","","23.5","","57.7","6.01","50","","","","","","","","","0","","","","","","","","","","","","",""
"TM40ZF  ","2/3/2021","77","5.84","","29.7","","1.65","7.46","0.2","","","","","","","","","58.5","","","","","","","","","","","","",""
"TM20S","8/25/2021","86","7.83","0.6","23.2","3","6.22","7.9","0.2","2.14","0","0.6","6.99","40.4","0.24","2.99","69.5","0","0.0199","0.99","9.99","0.099","25.99","2.49","","72.5","","0.00199","2.09","","0.299"
"TM25S","8/25/2021","92","8.66","-0.4","24.5","3","3.2","7.29","0.2","8.54","0","0.7","6.99","34","0.28","2.99","56.5","0","0.0199","12","9.99","0.099","25.99","2.49","","59.5","","0.00199","3.14","","0.299"
"TM30S","8/26/2021","49","6.1","2.1","24.9","1","1.82","6.1","0.2","1,069","0","0.5","6.99","31.7","0.11","2.99","49","0","0.0199","6","9.99","0.099","25.99","2.49","","53.5","","0.00199","3.08","","0.299"
"TM35S","8/26/2021","82","6.8","1.5","24.3","4","0.89","5.14","0.2","2.14","0","0.4","6.99","30","0.09","2.99","60","0","0.0199","4","9.99","0.099","25.99","2.49","","65","","0.00199","2.91","","0.299"
"TM40S","8/26/2021","63","8.4","-0.2","25","4","0.83","6.35","0.2","2.14","0","0.5","6.99","29.5","0.09","2.99","50.5","81","0.0199","68","9.99","0.099","25.99","2.49","","57.5","","0.00199","2.89","","0.299"
"TM45S","8/24/2021","35","7.02","1.6","22.3","","1.5","7.39","0.2","1,069","0","0.5","6.99","30.2","0.16","2.99","66.5","0","0.0199","24","9.99","0.099","25.99","2.49","","71.5","","0.00199","2.96","","0.299"
"TM50S","8/24/2021","84","6.43","2.2","22.5","","1.95","7.25","0.2","1,069","0","0.5","6.99","30.8","0.17","2.99","60","0","0.0199","4","9.99","0.099","25.99","2.49","","64.5","","0.00199","9.58","","0.299"
"TM55S","8/24/2021","102","8.12","0.2","23.9","","3.68","7.66","0.2","1,069","0","0.3","6.99","42.3","0.0199","2.99","66.5","0","0.0199","34","9.99","0.099","25.99","2.49","","69.5","","0.00199","2.18","","0.299"
"TM15ZF","8/25/2021","63","9","-0.6","23.4","","6.92","8.03","4.5","","","","","","","","","0","","","","","","","","","","","","",""
"TM15F","8/25/2021","95","2.47","6.3","21.3","","5.3","7.6","17","","","","","","","","","0","","","","","","","","","","","","",""
"TM20ZF","8/25/2021","65","7.7","0.8","23.2","","4.08","6.89","4.5","","","","","","","","","0","","","","","","","","","","","","",""
"TM20F","8/25/2021","113","3.92","4.8","21.8","","5.03","5.4","19","","","","","","","","","0","","","","","","","","","","","","",""
"TM25ZF","8/25/2021","84","7.6","0.9","23.1","","4.83","7.05","4.5","","","","","","","","","0","","","","","","","","","","","","",""
"TM25F","8/25/2021","89","3.8","5","21.4","","5.95","7.95","24","","","","","","","","","0","","","","","","","","","","","","",""
"TM30ZF","8/26/2021","45","8.7","-0.5","24.7","","1.61","5.7","1","","","","","","","","","0","","","","","","","","","","","","",""
"TM30F","8/26/2021","45","5.7","2.5","24.7","","4.26","5.7","1","","","","","","","","","0","","","","","","","","","","","","",""
"TM35ZF","8/26/2021","72","6.35","2","23.8","","1.05","5.6","6","","","","","","","","","106","","","","","","","","","","","","",""
"TM35F","8/26/2021","68","3.38","5.3","21.8","","1.32","5.8","25","","","","","","","","","0","","","","","","","","","","","","",""
"TM40ZF","8/26/2021","59","7.43","0.9","24.2","","1.58","6.4","6","","","","","","","","","370","","","","","","","","","","","","",""
"TM40F","8/26/2021","60","4.9","3.8","22","","2.33","5.9","34","","","","","","","","","241","","","","","","","","","","","","",""